楼盘名,楼盘地址,所在地区,房子户型,房子面积,房子价格
金地香山湖,[ 增城 广园东 ] 新新大道15号,增城,3室/4室,建筑面积：99-140㎡,14500
中建|鄂旅投岭南悦府,[ 增城 永宁 ] 新耀北路与创盈路交汇处,增城,2室/3室/4室,建筑面积：65-108㎡,
世茂泰禾广州院子,[ 增城 荔城 ] 广州市增城区增江街原裕达隆国际学校旁,增城,别墅,建筑面积：124-130㎡,258
合景誉山国际,[ 增城 广园东 ] 新新大道中,增城,3室/4室,建筑面积：84-125.75㎡,18000
中国铁建国际公馆,[ 增城 中新 ] 广州市地铁21号线坑贝站A出口西侧,增城,4室,建筑面积：104-118㎡,20000
逸翠庄园,[ 增城 朱村 ] 增城大道292号,增城,别墅,建筑面积：279㎡,650
保利大国璟,[ 增城 荔城 ] 广州市增城区朱村广汕路沿线,增城,3室/4室,建筑面积：72-124㎡,21000
广州增城万科城,[ 增城 新塘 ] 新新大道北,增城,3室,建筑面积：79-96㎡,19000
合生湖山国际,[ 增城 新塘 ] 陈家林路,增城,2室/3室/4室,建筑面积：68-135㎡,19500
品秀星图,[ 增城 新塘 ] 广州地铁13号线官湖车辆段（官湖站B出...,增城,2室/3室/4室,建筑面积：78-134㎡,24000
叠溪花园,[ 增城 朱村 ] 朱石路,增城,3室/4室,建筑面积：76-127㎡,15500
华润置地润悦,[ 增城 朱村 ] 增城大道475号,增城,3室/4室,建筑面积：80-140㎡,20000
碧桂园凤凰城云顶,[ 增城 新塘 ] 广园快速新塘出口碧桂园凤凰城3环岛,增城,3室/4室,建筑面积：90-142㎡,28000
荔城·尚东【半山168】,[ 增城 荔城 ] 增城大道168号（21号线钟岗站C出口）,增城,别墅,建筑面积：232.13-506.71㎡,23000
香江天赋,[ 增城 广园东 ] 陈家林路159号,增城,3室/4室/5室,建筑面积：86.86-130㎡,23500
珠江·花屿花城,[ 增城 新塘 ] 新新大道中,增城,4室,建筑面积：79-96㎡,
敏捷绿湖首府,[ 增城 荔城 ] 增滩路,增城,2室/3室/4室,建筑面积：76-127㎡,14000
御溪世家,[ 增城 中新 ] 广州市增城区中新镇广汕路,增城,2室/3室/4室,建筑面积：61-99㎡,22000
越秀奥园华发·亲爱里,[ 增城 中新 ] 广州广河高速中新出口右转处,增城,3室/4室,建筑面积：78-101㎡,17000
时代风华（增城）,[ 增城 新塘 ] 新塘TOD·广园与荔新大道交汇处,增城,3室/4室,建筑面积：86-125㎡,24000
凯德·凯荔花园,[ 增城 荔城 ] 明慧路3号,增城,3室/4室,建筑面积：86-125㎡,
时代天汇,[ 增城 石滩 ] 增城区石顺大道622号,增城,3室,建筑面积：93-123㎡,16000
首创碧桂园悦山府,[ 增城 荔城 ] 广州市增城区狮尾路1号（荔城中学斜对...,增城,3室/4室,建筑面积：86-109㎡,17500
碧桂园中心,[ 增城 荔城 ] 广州东地铁21号线增城广场站万达旁,增城,3室/4室,建筑面积：107-328㎡,28000
中海联睿品,[ 增城 新塘 ] 民营大道东（新塘客运站南300米）,增城,3室/4室,建筑面积：74-107.5㎡,23000
创基天峰,[ 增城 荔城 ] 荔城街增城大道134号,增城,3室/4室,建筑面积：89-138㎡,19000
碧桂园金叶子,[ 增城 荔城 ] 白水寨景区,增城,商业,建筑面积：37-68㎡,13000
中国中铁·诺德梓悦台,[ 增城 荔城 ] 荔星大道北,增城,3室/4室,建筑面积：99-128㎡,21000
科慧花园,[ 增城 朱村 ] 广州地铁21号线凤岗站C出口,增城,4室/5室,建筑面积：118-205㎡,20000
融信天樾府,[ 增城 荔城 ] 荔城大道229号（增城区实验小学东侧）,增城,3室/4室,建筑面积：98-143㎡,22000
万科金色里程,[ 增城 新塘 ] 广州新塘东.济广高速与荔新公路交汇处,增城,3室,建筑面积：80-90㎡,16000
丰盛101,[ 增城 新塘 ] 广州市增城区新塘镇荔新大道97号,增城,2室/3室/4室,建筑面积：62-107㎡,170
合汇·璟园,[ 增城 石滩 ] 广州市增城区挂绿新城荔湖大道东合汇璟...,增城,别墅,建筑面积：215-260㎡,25000
峰尚九里,[ 增城 朱村 ] 中新镇中花路西50米,增城,3室/4室/5室,建筑面积：77-123㎡,18000
东江逸珑湾,[ 增城 新塘 ] 滨珑北二街6号,增城,2室/3室/4室,建筑面积：75-162㎡,18888
时代倾城（中新）,[ 增城 中新 ] 广州市增城区中新镇新墩路168号,增城,2室/3室,建筑面积：75-120㎡,20000
兰亭香麓,[ 增城 荔城 ] 广州东·增派大道（挂绿小学斜对面）,增城,3室,建筑面积：88-111㎡,
保利天际（增城）,[ 增城 新塘 ] 汽车城大道57号,增城,3室/4室,建筑面积：115-140㎡,28000
远洋招商保利东湾,[ 增城 朱村 ] 广汕公路燕岗桥东地铁21号线凤岗快线站...,增城,3室/4室,建筑面积：96-110㎡,24500
得天和苑,[ 增城 新塘 ] 新新大道北荔湖城站口,增城,3室/4室,建筑面积：89-120㎡,15000
东原印江澜,[ 增城 荔城 ] 广东省广州市增城区增江街增江小学西侧,增城,3室/4室,建筑面积：95-120㎡,
光大ONE+,[ 增城 永宁 ] 广州·国家级增城技术开发区（香山大道...,增城,,建筑面积：423962㎡,
合景臻湖誉园,[ 增城 荔城 ] 广州市增城区新城大道388号,增城,4室,建筑面积：123-143㎡,
大华城,[ 增城 朱村 ] 增城区朱村街东溪路1号,增城,2室/3室,建筑面积：78-98㎡,
新力·海石洲悦,[ 增城 新塘 ] 广园东路新塘出口陈家林路,增城,,建筑面积：571184㎡,
力迅π,[ 增城 新塘 ] 太平洋工业区太平洋海德堡花园别墅旁,增城,1室/2室,建筑面积：50-75㎡,
方圆·云山诗意云玺,[ 增城 石滩 ] 广州市石滩方圆云山诗意云玺,增城,4室,建筑面积：93-103㎡,140
公园里春晓花园,[ 增城 荔城 ] 增江街春晓街4号,增城,2室/3室,建筑面积：94-135㎡,15500
招商臻园,[ 增城 新塘 ] 广园快速荔新出口万达旁,增城,3室/4室,建筑面积：95-127㎡,26000
保利小楼大院,[ 增城 荔城 ] 派潭小楼人家风景区（国家级3A风景区）...,增城,别墅,建筑面积：135-214㎡,16000
广铝荔富湖畔,[ 增城 朱村 ] 朱村大道东88号,增城,2室/3室/4室,建筑面积：76-168㎡,18500
侨建御溪谷,[ 增城 朱村 ] 风光路399号,增城,别墅,建筑面积：285-436㎡,23000
广园东东方名都,[ 增城 新塘 ] 东江大道北8号,增城,1室/2室/3室/4室,建筑面积：40-205㎡,25000
长风国际公寓,[ 增城 新塘 ] 新塘镇荔新十二路96号,增城,商业,建筑面积：49.83-93.37㎡,12000
合景誉山国际ihouse,[ 增城 广园东 ] 新新大道中,增城,商业,建筑面积：37-168㎡,9000
恒大山水郡,[ 增城 朱村 ] S118省道,增城,3室,建筑面积：86-107㎡,14500
合景花漫里,[ 增城 广园东 ] 新新大道中段,增城,2室/3室/4室/别墅,建筑面积：68.16-158㎡,17600
源海仙村一号,[ 增城 新塘 ] 仙村大道,增城,2室/3室,建筑面积：86-129㎡,13800
奥园誉峯,[ 增城 新塘 ] 永平路29号,增城,,建筑面积：202780㎡,15000
金泽豪庭,[ 增城 新塘 ] 金泽路1号,增城,2室/3室,建筑面积：53-125㎡,22000
中森茗苑,[ 增城 新塘 ] 石新大道168号,增城,3室,建筑面积：85.55-87.35㎡,19500
嘉御豪庭,[ 增城 荔城 ] 石滩大道南128号,增城,2室/3室/4室,建筑面积：68-133㎡,16000
凯达尔枢纽国际广场,[ 增城 新塘 ] 港口大道北336号群星新邨3号,增城,商业,建筑面积：68-129㎡,30000
金泽惠百氏,[ 增城 新塘 ] 大林边路6号,增城,2室/3室,建筑面积：75-125㎡,20000
保利中航城,[ 增城 朱村 ] 广州科教城地铁21号线朱村站富士康科技...,增城,3室/4室,建筑面积：94-126㎡,23000
江山时代,[ 增城 朱村 ] 广汕公路,增城,1室/2室/3室,建筑面积：40-119㎡,22000
顺欣花园,[ 增城 新塘 ] 荔新十二路98号,增城,2室/3室/4室,建筑面积：77-143㎡,23000
富雅都市华庭,[ 增城 新塘 ] 汇太东路233号,增城,1室/2室/3室/4室,建筑面积：38-118.87㎡,18300
实地·广州蔷薇国际,[ 增城 荔城 ] 广汕公路,增城,2室/3室,建筑面积：86-140㎡,20000
合盛盈翠雅筑,[ 增城 荔城 ] 春天路1号,增城,别墅,建筑面积：185-282㎡,14000
水电广场,[ 增城 新塘 ] 广深大道西1号,增城,2室/3室/4室,建筑面积：90-136㎡,21000
汇港威华国际,[ 增城 朱村 ] 朱村大道东路,增城,3室/4室,建筑面积：85-118㎡,19000
尚东•We家,[ 增城 新塘 ] 温涌路,增城,2室/3室,建筑面积：86-108㎡,24000
海川山璟轩,[ 增城 新塘 ] 广深大道东107号,增城,2室/3室,建筑面积：62-85㎡,22000
中海联智汇城,[ 增城 新塘 ] 荔新大道,增城,商业,建筑面积：33-50㎡,13000
金时花园,[ 增城 荔城 ] 纬六路,增城,2室/3室,建筑面积：84.24-127㎡,18000
三江盛汇,[ 增城 新塘 ] 光明西路100号,增城,2室/3室,建筑面积：80-130㎡,13000
仁安花园,[ 增城 朱村 ] 朱宁路,增城,2室/3室,建筑面积：82-130㎡,
创基丽江国际,[ 增城 荔城 ] 增城大道与新城大道交汇处,增城,2室/3室/4室/5室,建筑面积：91.26-275㎡,35000
三英钓云台,[ 增城 荔城 ] 中国广东省广州市增城区派潭镇高滩村温...,增城,别墅,建筑面积：325-392㎡,
时代天启,[ 增城 荔城 ] 狮尾路1号,增城,3室/4室,建筑面积：85-130㎡,19000
恒展江山时代花园商铺,[ 增城 朱村 ] 广汕公路,增城,,建筑面积：267102㎡,26000
荔城一品山湖,[ 增城 荔城 ] 塔山大道555号,增城,3室,建筑面积：92-104㎡,13500
金众江悦府,[ 增城 石滩 ] 广州市增城区江龙大桥旁,增城,4室/5室,建筑面积：99-130㎡,14000
佳兆业・悦峰,[ 增城 新塘 ] 永宁大道,增城,,建筑面积：474002㎡,
华侨城湖岸,[ 增城 荔城 ] 新城大道,增城,,建筑面积：94678㎡,
佳兆业佳泽园,[ 增城 荔城 ] 广州市增城区荔城街增城大道钟岗地铁D...,增城,2室/3室,建筑面积：95-115㎡,
富城华庭,[ 增城 荔城 ] 曾江街道陆村村象山路189号,增城,,建筑面积：136000㎡,
时代风华商用,[ 增城 新塘 ] 广州市增城区新塘镇荔新12路99号,增城,商业,建筑面积：33-56㎡,14000
新塘奥园城市天地,[ 增城 新塘 ] 广州东·TOD国际新城·新塘客运站旁,增城,商业,建筑面积：37-57㎡,
中建荔苑,[ 增城 荔城 ] 荔星大道北60-98号,增城,3室,建筑面积：88.58-105.07㎡,19000
华侨城·云尚,[ 增城 荔城 ] 广州市增城区初溪大道（低碳总部园三期...,增城,3室/4室,建筑面积：87-117㎡,
广州碧桂园中心,[ 增城 荔城 ] 地铁21号线增城广场站万达旁,增城,,建筑面积：304-435㎡,28000
保利东江首府商铺,[ 增城 新塘 ] 江府大道20号,增城,,建筑面积：950436㎡,19000
敏捷星悦国际商铺,[ 增城 新塘 ] 新新大道麦当劳南侧,增城,,建筑面积：44000㎡,18000
富士康科技小镇,[ 增城 朱村 ] 广州科教城地铁21号线凤岗站C出口（导...,增城,,建筑面积：282400㎡,
保利合锦领秀山,[ 增城 荔城 ] 增江街陆村村鹅春岭,增城,2室/3室/4室/别墅,建筑面积：100-166㎡,16000
景新豪苑商铺,[ 增城 新塘 ] 新塘中心区汇太东路,增城,,建筑面积：20998㎡,20000
御湖山,[ 增城 荔城 ] 广州市增城区荔城百花山庄风景度假区内...,增城,3室/4室/别墅,建筑面积：95-1235.8㎡,23000
华海·西福蓝湾,[ 增城 朱村 ] 广州市增城区朱村街亚星路与元亨路交界...,增城,2室/3室,建筑面积：71-107㎡,17000
港骏轩,[ 增城 新塘 ] 广州市增城区新塘镇广深大道西292号,增城,2室/3室,建筑面积：71-101㎡,
卓粤广场,[ 增城 新塘 ] 增城区新塘大道东与铁塔路交汇（新塘镇...,增城,商业,建筑面积：39-95㎡,
珠江国际创业中心,[ 增城 新塘 ] 广州市增城区新塘镇创想路8号,增城,,建筑面积：883907㎡,
敏捷东樾府,[ 增城 石滩 ] 增城区荔湖新城广州新东站旁（规划中）,增城,,建筑面积：314700㎡,
合景誉山国际商铺,[ 增城 广园东 ] 广园东新新公路中段,增城,,建筑面积：2540000㎡,18000
融创御园商铺,[ 增城 朱村 ] 朱村大道中57 号地铁朱村站旁,增城,,建筑面积：74000㎡,7000
新塘奥园城市天地商铺,[ 增城 新塘 ] 广州东·TOD国际新城·新塘客运站旁,增城,,建筑面积：540000㎡,
翡翠绿洲,[ 增城 广园东 ] 陈家林路159号,增城,2室/3室/4室/5室,建筑面积：77-204㎡,21000
碧桂园豪园,[ 增城 荔城 ] 增滩路,增城,,建筑面积：100463㎡,20000
碧桂园东湖世家,[ 增城 荔城 ] 东桥东路,增城,2室/3室/4室,建筑面积：84-182㎡,19000
敏捷星悦国际,[ 增城 新塘 ] 新新大道中,增城,,建筑面积：44000㎡,19000
绿地珑玥府,[ 增城 荔城 ] 增江大道南（纬四路口）,增城,3室/4室,建筑面积：117-138㎡,25000
怡康华府,[ 增城 荔城 ] 百花路7号,增城,3室,建筑面积：107㎡,25000
雅居乐三千院,[ 增城 荔城 ] 百花大道23号,增城,别墅,建筑面积：310-646㎡,1000
亚太银座商铺,[ 增城 新塘 ] 新塘镇广群路,增城,,建筑面积：40-700㎡,60000
保利国际金融中心,[ 增城 新塘 ] 江府大道2号,增城,,建筑面积：108-147㎡,7288
碧桂园豪进左岸,[ 增城 荔城 ] 石滩体育馆东行约400米处,增城,3室/商业,建筑面积：93-141㎡,
锦绣御景国际,[ 增城 荔城 ] 府佑路与荔星大道交汇处(增城市公安局...,增城,2室/3室/4室/5室/别墅,建筑面积：60.94-328.24㎡,16500
观园壹号,[ 增城 荔城 ] 石滩新城中心，增滩公路和东西主干道交...,增城,2室/3室,建筑面积：85-120㎡,8500
中国铁建国际花园,[ 增城 朱村 ] 朱村街花蕾街4号,增城,2室/3室,建筑面积：66-112㎡,28000
崇和花园,[ 增城 新塘 ] 永和新新七路299号（广惠高速入口处北...,增城,1室/2室/3室,建筑面积：56-124.27㎡,
金龙居,[ 增城 荔城 ] 荔城街荔城大道267号之二（增城市人民...,增城,3室,建筑面积：97.7-141.39㎡,
保利东江首府,[ 增城 新塘 ] 江府大道2号,增城,3室/4室/5室,建筑面积：123-240㎡,32000
嘉汇四季阳光,[ 增城 荔城 ] 荔城大道227号,增城,2室/3室,建筑面积：80-120㎡,
恒大山水城,[ 增城 广园东 ] 中新镇政府旁(广汕路与新新公路交界处...,增城,1室/2室/3室,建筑面积：74.5-121.75㎡,
东凌广场,[ 增城 新塘 ] 汽车城大道71号,增城,1室/2室/3室/4室,建筑面积：39-122㎡,
东汇城,[ 增城 荔城 ] 荔城街府佑路98号（府佑路与荔景大道主...,增城,1室/2室/4室,建筑面积：37.8-269.64㎡,
金泽华庭,[ 增城 新塘 ] 新塘大道中一号（新塘公园对面）,增城,4室/5室,建筑面积：148.33-159㎡,
时尚广场,[ 增城 新塘 ] 港口大道北395号,增城,2室/3室/4室,建筑面积：75-139㎡,13600
新都盛世名门,[ 增城 新塘 ] 增城新塘镇东进东路8号（广深大道中段...,增城,1室/2室/3室,建筑面积：28.32-140㎡,
迪亚春天花园,[ 增城 荔城 ] 小楼镇小楼大道南1号,增城,别墅,建筑面积：178-290㎡,
金地荔湖城,[ 增城 新塘 ] 永和镇新新五路15号（广园东路中新出口...,增城,1室/2室/3室/5室,建筑面积：45-198.25㎡,
好景华庭,[ 增城 荔城 ] 荔乡路3号（增城市国税局对面）,增城,2室/3室,建筑面积：109-118㎡,
新天美地花园,[ 增城 荔城 ] 荔城街新丰路26号,增城,3室/4室,建筑面积：116.43-142.25㎡,
力源愉苑,[ 增城 荔城 ] 百花路2号,增城,别墅,建筑面积：285-526㎡,
石滩第一城三期,[ 增城 荔城 ] 增城石滩镇立新东路56号,增城,3室,建筑面积：140.3㎡,
东山富康苑,[ 增城 荔城 ] 增江街东桥东路27号,增城,3室,建筑面积：137.8㎡,
合景誉山银座,[ 增城 新塘 ] 增城广州增城市新塘镇永和新新公路,增城,,建筑面积：1420000㎡,9000
翡翠新天地,[ 增城 广园东 ] 增城广园东开创大道,增城,,建筑面积：20010000㎡,45000
汇美体育花园项目,[ 增城 新塘 ] 金都大道汇美公园旁,增城,,建筑面积：80000㎡,
敏捷锦绣星河,[ 增城 荔城 ] 增正公路旁正果派出所往前500米（兰溪...,增城,2室/3室,建筑面积：79-121㎡,5500
新塘新世界,[ 增城 新塘 ] 花园东路6号,增城,2室/3室/4室,建筑面积：79-148㎡,16500
万科桃源里,[ 增城 荔城 ] 派潭大道74号,增城,2室/3室/4室,建筑面积：71-135㎡,9388
碧桂园中新首府,[ 增城 广园东 ] 中新镇福和（广河高速中新出口左转500...,增城,2室/3室/4室,建筑面积：80.1-137㎡,9300
力诚凯怡湾,[ 增城 新塘 ] 新塘大道中205号,增城,1室/2室/3室,建筑面积：39-106㎡,9000
增城方圆云山诗意,[ 增城 荔城 ] 荔城大道,增城,2室/3室/4室,建筑面积：78-142.09㎡,20000
欧亚公馆,[ 增城 荔城 ] 新城大道122号（雁塔派出所旁),增城,2室/3室/4室,建筑面积：85-143㎡,15000
同创滨江,[ 增城 荔城 ] 增城大道滨江生活圈,增城,3室/4室,建筑面积：83-140㎡,
碧桂园琥珀湾,[ 增城 荔城 ] 光明东路,增城,4室,建筑面积：142㎡,
丰泰城市公馆,[ 增城 新塘 ] 东坑三横路2号,增城,2室/3室,建筑面积：84-124㎡,10700
新景豪庭,[ 增城 新塘 ] 广深大道西228号,增城,商业,建筑面积：73-109㎡,13500
石滩第一城,[ 增城 新塘 ] 立新路56号,增城,3室,建筑面积：99-120㎡,16500
融创御园,[ 增城 朱村 ] 朱村街朱村大道中57号,增城,3室/4室,建筑面积：87-120㎡,19000
中贸国际,[ 增城 新塘 ] 增城牛仔城北牛仔二路7号,增城,商业,建筑面积：109.2㎡,
新汇时光,[ 增城 新塘 ] 汇太中路193号,增城,1室/2室,建筑面积：51-65㎡,13000
锦绣半山御景,[ 增城 荔城 ] 荔新二路188号（广东商学院华商学院旁...,增城,1室/2室/3室/别墅,建筑面积：46-309㎡,
嘉骏豪苑,[ 增城 新塘 ] 光华路19号,增城,1室/2室/3室,建筑面积：43-100㎡,
敏捷莱茵花园,[ 增城 荔城 ] 增江大道与光明东路交汇处,增城,2室/3室/4室,建筑面积：80-159㎡,
太阳城巧克力社区,[ 增城 广园东 ] 新新大道简村段（广园快速中新出口左转...,增城,2室/3室,建筑面积：80-106㎡,
富城华府,[ 增城 荔城 ] 荔景大道北202号,增城,2室/3室/4室,建筑面积：106-159.48㎡,
东景华庭,[ 增城 新塘 ] 新塘镇广深大道西168号,增城,1室/2室/3室,建筑面积：39-136㎡,
锦绣新天地,[ 增城 新塘 ] 府前路29号,增城,2室/3室/5室,建筑面积：74-156㎡,
增城雅居乐御宾府,[ 增城 荔城 ] 荔星大道和俯前路交汇处,增城,2室/3室/4室,建筑面积：74-143㎡,
假日花园,[ 增城 新塘 ] 大林边二橫路7、8号,增城,1室/2室/3室/4室,建筑面积：45.47-151.59㎡,
顺欣广场,[ 增城 新塘 ] 荔新十二路98号,增城,3室,建筑面积：122-126.62㎡,8200
景新花园,[ 增城 荔城 ] 荔城大道442号,增城,3室/4室/5室,建筑面积：105-186㎡,
百晟汇翠湾,[ 增城 荔城 ] 荔景大道433号,增城,3室/4室,建筑面积：97.77-142㎡,
碧桂园豪进广场,[ 增城 新塘 ] 东江大道28号（广园快速新新出口、广深...,增城,,建筑面积：125141㎡,
增城万达广场,[ 增城 荔城 ] 增城大道与荔景大道交汇处(增城广场南...,增城,,建筑面积：377300㎡,
碧桂园城市花园,[ 增城 朱村 ] 朱村街,增城,3室,建筑面积：93-113㎡,24000
亚太银座,[ 增城 新塘 ] 大润发旁（地铁新塘站口）,增城,2室/3室,建筑面积：65-127㎡,
金地公园上城,[ 增城 广园东 ] 永和新新公路5号金地公园上城（广园快...,增城,3室/别墅,建筑面积：65-272㎡,8118
金竹家园,[ 增城 荔城 ] 荔城街府佑路228号,增城,2室/3室,建筑面积：96-120㎡,
金河湾家园,[ 增城 荔城 ] 荔城街幸福路8号，增城大道2号,增城,2室/3室/4室,建筑面积：86-154㎡,
保利i立方iplus,[ 增城 新塘 ] 永宁大道,增城,2室/3室/4室/5室,建筑面积：67-106㎡,24000
锦绣天伦花园,[ 增城 新塘 ] 新沙路30号,增城,1室/2室/3室,建筑面积：43-120㎡,8500
增城时代廊桥,[ 增城 新塘 ] 永宁大道28号,增城,2室/3室/4室,建筑面积：68-113㎡,20000
海伦春天,[ 增城 新塘 ] 永和永顺大道东15号,增城,2室/3室/4室,建筑面积：82-151㎡,305
敏捷锦绣星辰,[ 增城 荔城 ] 增江街西山村（广汕公路旁）,增城,3室,建筑面积：96-124㎡,12000
中海香樟墅,[ 增城 新塘 ] 广汕公路与新新大道交汇处（新墩路163...,增城,别墅,建筑面积：220-370㎡,16000
合汇中央广场,[ 增城 荔城 ] 府佑路与荔景大道交汇处（增城广场北侧...,增城,2室/3室/4室,建筑面积：73-137㎡,28000
汇东国际花园,[ 增城 新塘 ] 汇东南路1号,增城,2室/3室/4室,建筑面积：76.1-142.42㎡,
合汇学府名郡,[ 增城 新塘 ] 新塘大道西,增城,2室/3室,建筑面积：77.48-122.51㎡,
景新豪苑,[ 增城 新塘 ] 新塘中心区汇太东路,增城,1室/2室/3室,建筑面积：43.8-101.54㎡,14000
广州挂绿湖碧桂园,[ 增城 荔城 ] 增滩路,增城,商业,建筑面积：38㎡,18000
金马香颂居,[ 增城 荔城 ] 广汕公路和荔城大道交汇处向东500米,增城,2室/3室,建筑面积：75-111㎡,9300
乐天峰公馆,[ 增城 荔城 ] 幸福路25号（中坚豪庭旁）,增城,3室,建筑面积：85-133㎡,
碧桂园映象,[ 增城 朱村 ] 广河高速中新出口左转2.5公里,增城,2室/3室/4室,建筑面积：72.64-138.25㎡,
佳大花漾时光,[ 增城 新塘 ] 新耀南路6号,增城,2室/3室,建筑面积：75-93㎡,
大东汇广场,[ 增城 新塘 ] 新沙大道北80号,增城,商业,建筑面积：49.63-69.9㎡,13000
誉峰江畔花园,[ 增城 荔城 ] 增江街增江大道北225号,增城,2室/3室,建筑面积：80-120㎡,11000
恒福花园,[ 增城 新塘 ] 中新镇学院南路1号（新新公路旁）,增城,2室/3室/4室,建筑面积：93.41-158.56㎡,
荔富广场,[ 增城 新塘 ] 荔新公路沙埔路口（广州本田二厂对面）,增城,2室/3室,建筑面积：103.47-139.16㎡,
广悦轩泊爵,[ 增城 荔城 ] 荔城街百花路8号,增城,别墅,建筑面积：256-491㎡,
荔城花园,[ 增城 荔城 ] 荔城街荔城大道422号,增城,3室/4室,建筑面积：132-200㎡,
合汇国际家居建材城,[ 增城 新塘 ] 新塘大道,增城,,建筑面积：88㎡,
景新豪庭,[ 增城 荔城 ] 荔城街荔景大道北,增城,,建筑面积：14616㎡,
誉景嘉骏商业广场,[ 增城 新塘 ] 增城镇光华路,增城,,建筑面积：23891㎡,100
广汇尊府,[ 增城 永宁 ] 广州市增城区永宁街凤凰北横路1号,增城,,建筑面积：250000㎡,
佳兆业未来城,[ 黄埔 黄埔区府 ] 黄埔区开创大道与黄埔东路交汇处（13号...,黄埔,商业,建筑面积：80-101㎡,140
黄埔中央城,[ 黄埔 科学城 ] 广州市黄埔区开源大道22号,黄埔,2室/3室/4室,建筑面积：94-142㎡,34500
华标峰湖御境,[ 黄埔 科学城 ] 大观路北（黄陂地铁站旁）,黄埔,2室/3室/5室/6室/7室/8室/9室,建筑面积：77-586㎡,50000
万科城市之光,[ 黄埔 黄埔区府 ] 万科城市之光营销中心,黄埔,3室/4室,建筑面积：78-140㎡,
时代印记（广州）,[ 黄埔 知识城 ] 地铁14号线支线红卫站A口,黄埔,2室/3室/4室,建筑面积：74-120㎡,22000
归谷·LINK,[ 黄埔 萝岗区府 ] 广州市黄埔区科丰路和开泰大道交汇处（...,黄埔,商业,建筑面积：45-115㎡,
绿地杉禾田晶舍,[ 黄埔 科学城 ] 开源大道转隧南路旁,黄埔,3室/4室,建筑面积：98-123㎡,33000
星汇城,[ 黄埔 黄埔区府 ] 广州市黄埔区镇龙地铁站C出口,黄埔,3室/4室,建筑面积：81-102㎡,
保利拾光年,[ 黄埔 知识城 ] 南起步区西北面,黄埔,2室/3室/4室,建筑面积：62-99㎡,25000
广州龙湖·揽境,[ 黄埔 长岭居 ] 永顺大道南,黄埔,3室/4室,建筑面积：99-122㎡,29800
万科幸福誉,[ 黄埔 知识城 ] 黄埔•中新知识城•地铁何棠下站（麦当...,黄埔,3室,建筑面积：75-87㎡,26500
大壮名城,[ 黄埔 科学城 ] 开泰大道科丰路口,黄埔,3室/4室,建筑面积：93-120㎡,45000
品秀·星樾,[ 黄埔 萝岗区府 ] 萝岗开创大道,黄埔,3室/4室,建筑面积：102-134㎡,38000
广州富力悦禧城,[ 黄埔 科学城 ] 东鹏大道与笔村大路交汇处,黄埔,2室/3室/4室,建筑面积：73-120㎡,30000
康大龙祥汇,[ 黄埔 知识城 ] 南起步区九龙大道西侧,黄埔,4室/别墅,建筑面积：112-144㎡,650
五矿招商鹭山府,[ 黄埔 黄埔区府 ] 鱼珠站旁,黄埔,3室/4室,建筑面积：87-114㎡,
万科元培里,[ 黄埔 长岭居 ] 永顺大道（万科山景城对面）,黄埔,5室,建筑面积：107-107㎡,800
海伦堡海伦时光,[ 黄埔 黄埔区府 ] 中山大道东,黄埔,2室/3室,建筑面积：71-92㎡,43000
越秀万力·星悦峯,[ 黄埔 科学城 ] 黄埔东路2019号,黄埔,商业,建筑面积：48-65㎡,21000
富力南驰·富颐华庭,[ 黄埔 黄埔区府 ] 广园快速与茅岗路出口（鱼珠地铁站旁）,黄埔,2室/3室/4室,建筑面积：76-120㎡,
万科尚城（商业）,[ 黄埔 科学城 ] 南岗地铁站旁（导航：万科尚城）,黄埔,商业,建筑面积：24-269㎡,15000
宝夏花园二期,[ 黄埔 科学城 ] 黄埔开发区南湾大道31-33号,黄埔,3室,建筑面积：92-99㎡,29000
星樾·山畔,[ 黄埔 萝岗区府 ] 广州市黄埔区地铁7号线水西北站（在建...,黄埔,3室/4室,建筑面积：80-110㎡,
万科山景城樾山,[ 黄埔 长岭居 ] 长岭路南侧,黄埔,4室,建筑面积：77㎡,660
龙湖首开云峰原著,[ 黄埔 科学城 ] 广州黄埔·科学城·开源大道,黄埔,4室,建筑面积：131-143㎡,550
中冶·逸璟台,[ 黄埔 长岭居 ] 主城区长岭居永顺大道长岭路以北（长岭...,黄埔,4室/5室/6室,建筑面积：130-231㎡,500
越秀保利爱特城,[ 黄埔 科学城 ] 云埔一路,黄埔,2室/3室/4室/5室,建筑面积：72-130㎡,21000
中泰天境花园,[ 黄埔 知识城 ] 九龙大道,黄埔,4室,建筑面积：123-130㎡,24000
时代天韵,[ 黄埔 知识城 ] 九龙大道,黄埔,2室/3室/4室,建筑面积：82.3-140.17㎡,26000
美悦湾,[ 黄埔 黄埔区府 ] 黄埔开发区西区丽江街1号,黄埔,2室/3室,建筑面积：72.45-96㎡,26000
合景天峻,[ 黄埔 知识城 ] 知识城14号线旺村地铁站旁,黄埔,商业,建筑面积：28-70㎡,13000
大壮国际广场,[ 黄埔 萝岗区府 ] 开创大道与科丰路交汇处,黄埔,商业,建筑面积：37-95㎡,
珠江嘉园,[ 黄埔 长岭居 ] 摇田河大街65号,黄埔,3室/4室/5室,建筑面积：110-217㎡,23000
保利罗兰国际,[ 黄埔 萝岗区府 ] 开达路,黄埔,1室/2室/3室/4室,建筑面积：54-172㎡,40000
中鼎名汇,[ 黄埔 黄埔区府 ] 丰乐北路,黄埔,商业,建筑面积：49-86㎡,26000
御湖名邸,[ 黄埔 长岭居 ] 金坑水库路38号,黄埔,别墅,建筑面积：329-650㎡,668
招鑫富荔广场,[ 黄埔 科学城 ] 青年路,黄埔,商业,建筑面积：66-89㎡,38000
实地•广州常春藤,[ 黄埔 长岭居 ] 禾丰路,黄埔,2室/3室/4室/5室,建筑面积：70-140㎡,28000
萝岗敏捷广场,[ 黄埔 萝岗区府 ] 水西路（盈翠公园斜对面）,黄埔,商业,建筑面积：53-111㎡,22000
东港花园,[ 黄埔 黄埔区府 ] 文船路363号,黄埔,1室/2室/3室,建筑面积：42.52-117㎡,40000
广州国际港航中心,[ 黄埔 黄埔区府 ] 黄埔大道东980号,黄埔,商业,建筑面积：35-1980㎡,39000
中新广州知识城国际领军人才集聚区,[ 黄埔 知识城 ] 狮龙大道中（凤凰湖北岸）,黄埔,,建筑面积：145000㎡,
保利中珺广场,[ 黄埔 萝岗区府 ] 开发区欣兰三街1号,黄埔,,建筑面积：21744㎡,
保利鱼珠港,[ 黄埔 黄埔区府 ] 黄埔大道东840号（三溪地铁站）,黄埔,,建筑面积：34-2223㎡,33000
广州国际港航中心二期,[ 黄埔 黄埔区府 ] 黄埔大道东980号,黄埔,商业,建筑面积：53-110㎡,35000
五矿壹云台,[ 黄埔 长岭居 ] 永顺大道(有轨电车1号线岭头站旁),黄埔,3室/4室,建筑面积：88-165㎡,
碧桂园星悦台,[ 黄埔 科学城 ] 永顺大道（有轨电车1号线首发站新丰路...,黄埔,商业,建筑面积：44-52㎡,14000
黄埔创新中心,[ 黄埔 黄埔区府 ] 丰乐北路段碧山村路口(广汽本田对面或...,黄埔,商业,建筑面积：40㎡,
广州国际智慧产业中心GIC,[ 黄埔 知识城 ] 九龙大道旺村地铁C出口,黄埔,,建筑面积：1060000㎡,13000
融创·翔龙廣府壹號,[ 黄埔 科学城 ] 广州市天河智慧城旁黄陂地铁站C出口,黄埔,,建筑面积：349800㎡,
龙湖·双珑原著,[ 黄埔 知识城 ] 凤凰湖畔,黄埔,,建筑面积：333439㎡,660
科城山庄·峻森园,[ 黄埔 萝岗区府 ] 水西环路,黄埔,1室/2室/3室/4室/5室,建筑面积：35-323㎡,35000
广州绿地城,[ 黄埔 知识城 ] 中新知识城九龙大道（中新知识城南起步...,黄埔,商业,建筑面积：50㎡,13000
招商雍景湾,[ 黄埔 知识城 ] 腾龙大道,黄埔,3室/4室,建筑面积：89-115㎡,28000
雅居乐富春山居,[ 黄埔 科学城 ] 广汕路,黄埔,3室/4室/5室,建筑面积：143-413㎡,40000
广州绿地中央广场,[ 黄埔 科学城 ] 神舟路,黄埔,商业,建筑面积：46-91㎡,20000
沁园,[ 黄埔 科学城 ] 开源大道,黄埔,别墅,建筑面积：166-434㎡,850
广州润慧科技园,[ 黄埔 科学城 ] 神舟路18号,黄埔,,建筑面积：112-206㎡,
花创社区,[ 黄埔 科学城 ] 开源大道与伴河路交汇处（丸美旁边）,黄埔,,建筑面积：610000㎡,
融达领寓,[ 黄埔 黄埔区府 ] 光宝路7号,黄埔,,建筑面积：29211㎡,25000
凯得文化广场写字楼,[ 黄埔 萝岗区府 ] 开创大道2666号（广州国际体育演艺中心...,黄埔,,建筑面积：174183㎡,
凯德中新里,[ 黄埔 知识城 ] 中新广州知识城何棠下地铁站旁,黄埔,,建筑面积：116900㎡,
雅居乐黄埔创新中心,[ 黄埔 黄埔区府 ] 黄埔丰乐北路段与碧山村路交汇处,黄埔,,建筑面积：871538㎡,
中海誉城,[ 黄埔 科学城 ] 开创大道与开源大道交汇处,黄埔,,建筑面积：1120000㎡,
黄埔万科中心,[ 黄埔 黄埔区府 ] 黄埔东路1080号,黄埔,商业,建筑面积：20-66㎡,21000
东城华庭,[ 黄埔 黄埔区府 ] 丰乐北路228号（丰乐北路与护林路交界...,黄埔,1室/2室/3室/4室,建筑面积：50.18-152.36㎡,
万科里享水韵,[ 黄埔 长岭居 ] 永顺大道中1号,黄埔,1室/2室/3室,建筑面积：47-124㎡,
金融街·融穗御府,[ 黄埔 长岭居 ] 长岭路永顺大道（新建长平小学南侧）,黄埔,,建筑面积：88000㎡,
萝岗万达广场,[ 黄埔 萝岗区府 ] 开创大道与科丰路交汇处西侧,黄埔,商业,建筑面积：63-91㎡,
越秀岭南山畔,[ 黄埔 萝岗区府 ] 开创大道与科翔路交汇处,黄埔,2室/3室,建筑面积：85-136㎡,
奥园春晓,[ 黄埔 长岭居 ] 广汕路转永顺大道交汇处,黄埔,2室/3室/4室,建筑面积：75-140㎡,
科汇金谷,[ 黄埔 科学城 ] 科学城科学大道99号,黄埔,1室/2室,建筑面积：36-103㎡,
丰逸尚居,[ 黄埔 黄埔区府 ] 黄埔石化路与黄埔东路交汇处,黄埔,1室/2室/3室,建筑面积：42.11-111.44㎡,
宏康东筑,[ 黄埔 科学城 ] 萝岗区开发区东区广深公路,黄埔,3室,建筑面积：100-100㎡,
都会新城,[ 黄埔 黄埔区府 ] 开创大道地铁13号线南岗站旁,黄埔,3室,建筑面积：88㎡,
中海原山别墅,[ 黄埔 萝岗区府 ] 开创大道与开源大道交接处,黄埔,,建筑面积：40000㎡,
万科金色梦想,[ 黄埔 科学城 ] 科学城开创大道与开源大道交接处,黄埔,,建筑面积：289177㎡,50
金峰城,[ 黄埔 科学城 ] 开发区科翔路128号,黄埔,,建筑面积：35000㎡,21000
雅居乐开发区地王项目,[ 黄埔 萝岗区府 ] 广州萝岗广汕公路一侧,黄埔,,建筑面积：613624㎡,
佳兆业城市广场,[ 黄埔 黄埔区府 ] 黄埔东路,黄埔,商业,建筑面积：50-75㎡,19000
保利学府里,[ 黄埔 黄埔区府 ] 蟹山路48号,黄埔,2室/3室,建筑面积：71-101㎡,
新福港鼎峰,[ 黄埔 萝岗区府 ] 香雪大道萝岗区府东侧,黄埔,2室/3室/4室/5室,建筑面积：88.38-242㎡,30000
万科山景城,[ 黄埔 长岭居 ] 长岭路,黄埔,2室/3室/4室,建筑面积：65-112㎡,30000
时代春树里,[ 黄埔 科学城 ] 开源大道,黄埔,3室/4室,建筑面积：80-113㎡,35000
富力悦禧花园,[ 黄埔 科学城 ] 斗园环街,黄埔,2室/3室,建筑面积：76-98㎡,
水韵翔庭,[ 黄埔 科学城 ] 开发大道锦绣路18-26号,黄埔,2室/3室/4室,建筑面积：72-118㎡,
东城国际公寓,[ 黄埔 黄埔区府 ] 大沙地黄埔东路1号,黄埔,1室/2室,建筑面积：50.78-96㎡,
悦时代花园,[ 黄埔 黄埔区府 ] 大沙地东572-590号（双）,黄埔,2室/3室,建筑面积：77-120㎡,
壹品E·Park,[ 黄埔 科学城 ] 伴河路192号（植树公园旁）,黄埔,商业,建筑面积：92㎡,
万科东荟城,[ 黄埔 科学城 ] 科学城开泰大道与开源大道交汇处（广州...,黄埔,1室/2室/3室/4室,建筑面积：38-140㎡,17000
保利越秀岭南林语,[ 黄埔 长岭居 ] 永顺大道长岭路段南侧（茅坦村以西）,黄埔,2室/3室/4室/别墅,建筑面积：75-232㎡,17000
奥园香雪华府,[ 黄埔 萝岗区府 ] 开萝大道与香雪大道交汇处（新黄埔区图...,黄埔,3室/商业,建筑面积：45-130㎡,
君和名城,[ 黄埔 黄埔区府 ] 丰乐北路128号,黄埔,商业,建筑面积：85㎡,23000
凯得文化广场,[ 黄埔 萝岗区府 ] 大塱村开创大道（临近萝岗演艺中心）,黄埔,4室,建筑面积：138㎡,
汇丽国际,[ 黄埔 萝岗区府 ] 水西路与香雪大道西交汇处（萝岗会议中...,黄埔,商业,建筑面积：94-148㎡,
碧兰轩,[ 黄埔 黄埔区府 ] 港前路109号、111号,黄埔,2室,建筑面积：79-95㎡,20000
宏康小筑,[ 黄埔 长岭居 ] 永和经济区永顺大道以北、新庄路以西1...,黄埔,2室/3室,建筑面积：76-96㎡,
勤天智品上城,[ 黄埔 知识城 ] 九龙镇广汕公路北侧镇龙一中对面,黄埔,3室/4室/6室,建筑面积：114.93-233㎡,
龙光香悦山,[ 黄埔 科学城 ] 科学城开创大道北,黄埔,4室/5室,建筑面积：280-350㎡,
飞晟汇INFACE,[ 黄埔 科学城 ] 科学城开创大道荔红二路18号,黄埔,1室/3室/4室,建筑面积：72-140㎡,
锦林山庄,[ 黄埔 科学城 ] 荔芳一街,黄埔,2室/3室/4室,建筑面积：92-157㎡,
万科金色悦府,[ 黄埔 黄埔区府 ] 大沙地东路以北（黄埔区区府旁）,黄埔,3室,建筑面积：82-99㎡,
中交港湾国际,[ 黄埔 黄埔区府 ] 港湾路44-104号,黄埔,,建筑面积：43141㎡,
兴普紫园国际,[ 黄埔 科学城 ] 科学城观虹路10号（高德汇斜对面）,黄埔,,建筑面积：43247㎡,
中洲流水人家,[ 黄埔 黄埔区府 ] 经济开发区西区,黄埔,,建筑面积：50000㎡,
保利中誉广场,[ 黄埔 黄埔区府 ] 大沙东路区府旁（地铁5号线大沙东站D出...,黄埔,,建筑面积：61535㎡,
越秀岭南雅筑,[ 黄埔 科学城 ] 科学城开源大道南侧（永和隧道前）,黄埔,2室/3室,建筑面积：81-119㎡,15000
万科里享家蔚来,[ 黄埔 长岭居 ] 新业路与布岭路交汇处（里享家公交车总...,黄埔,3室/4室,建筑面积：85-115㎡,24000
亨元项目,[ 黄埔 黄埔区府 ] 黄埔区南岗镇亨元门口地段,黄埔,,建筑面积：105300㎡,
万科SDK-D-3地块,[ 黄埔 科学城 ] 科学城、开源大道以南,黄埔,,建筑面积：289178㎡,
中国铁建海语熙岸,[ 南沙 蕉门河 ] 凤凰大道与黄阁南路交汇处,南沙,3室/4室,建筑面积：91-140㎡,29000
南沙建滔广场,[ 南沙 蕉门河 ] 凯翔路1号（蕉门地铁旁）,南沙,商业,建筑面积：98-225㎡,
方圆星宇月岛,[ 南沙 金洲 ] 进港大道（导航：方圆星宇月岛）,南沙,2室/3室,建筑面积：75-115㎡,26000
中交国际邮轮广场,[ 南沙 南沙湾 ] 国际邮轮母港（南沙客运站G口步行602米...,南沙,商业,建筑面积：66-2542㎡,
美的华发·天珀,[ 南沙 明珠湾 ] 灵山岛文字路,南沙,3室/4室,建筑面积：88-122㎡,33000
广州恒大阳光半岛,[ 南沙 万顷沙 ] 凤凰大道地铁18号线万顷沙站/深中通道...,南沙,2室/3室/4室,建筑面积：72-117㎡,200
领南星河荣誉,[ 南沙 南沙湾 ] 市二中南侧,南沙,2室/3室/4室,建筑面积：95-128㎡,30500
佳兆业悦江府,[ 南沙 明珠湾 ] 横沥镇灵山岛尖江灵北路与庙南路交汇处,南沙,3室/4室,建筑面积：95-140㎡,34000
颐德湾尚,[ 南沙 明珠湾 ] 南沙建设一路（南沙体育馆北侧）,南沙,4室/5室,建筑面积：142-188㎡,38000
中国铁建海悦国际,[ 南沙 万顷沙 ] 珠江街地铁18号线万顷沙站旁,南沙,3室/4室,建筑面积：85-125㎡,
合锦嘉泓天宇广场,[ 南沙 金洲 ] 进港大道和金岭北路交界东南侧,南沙,2室/3室/4室/5室,建筑面积：90-197㎡,21000
越秀国际总部广场（越秀天珹）,[ 南沙 金洲 ] 地铁4号线金洲站（A出口）,南沙,2室/3室/4室,建筑面积：76-140㎡,26000
南沙时代香海彼岸,[ 南沙 南沙湾 ] 漾滨路,南沙,3室/4室,建筑面积：100-130㎡,28000
中海熙园,[ 南沙 黄阁 ] 东涌镇东涌文化广场旁,南沙,2室/3室/别墅,建筑面积：88-131㎡,23000
时代维港,[ 南沙 南沙湾 ] 南沙区进港大道581号,南沙,商业,建筑面积：58-74㎡,20000
中交汇通中心,[ 南沙 明珠湾 ] 起步区灵山岛尖,南沙,,建筑面积：49-1852㎡,19000
南沙星河丹堤,[ 南沙 金洲 ] 登山路,南沙,1室/2室/3室/4室/别墅,建筑面积：49-343㎡,25000
南沙保利城,[ 南沙 黄阁 ] 鸡谷山路,南沙,2室/3室/4室,建筑面积：75-127㎡,19000
保利半岛,[ 南沙 蕉门河 ] 滨水大道东南沙儿童公园对面,南沙,4室/5室,建筑面积：97-154㎡,30000
大宏锦绣,[ 南沙 金洲 ] 环市大道西,南沙,2室/3室/4室,建筑面积：89-141㎡,23000
美的云筑,[ 南沙 黄阁 ] 东涌庆盛同兴路,南沙,2室/3室/4室,建筑面积：84-127㎡,19000
金科集美御峰,[ 南沙 黄阁 ] 黄阁新城麒麟中小学旁或导航【集美御峰...,南沙,2室/3室,建筑面积：89-115㎡,23500
灵山岛金茂湾,[ 南沙 明珠湾 ] 横沥镇灵山岛尖沙嘴中路以南,南沙,2室/3室/4室,建筑面积：98-252㎡,37000
南沙珠江湾商用,[ 南沙 南沙湾 ] 漾滨路,南沙,商业,建筑面积：57-99㎡,14000
越秀东坡,[ 南沙 金洲 ] 广州市南沙区进港大道北侧（近南沙街道...,南沙,3室/4室/5室,建筑面积：76-140㎡,26000
广州柳岸晓风,[ 南沙 明珠湾 ] 国际金融岛,南沙,2室/3室/4室,建筑面积：96-141㎡,33000
嘉霖聚和尊悦台,[ 南沙 明珠湾 ] 大岗镇康宁路8号,南沙,2室/3室,建筑面积：81-123㎡,15900
金科博翠明珠,[ 南沙 明珠湾 ] 灵山岛尖（江灵南路与文字路交汇处）,南沙,2室/3室/4室,建筑面积：85-143㎡,36000
星河东悦湾,[ 南沙 蕉门河 ] 市南大道135号星河东悦湾营销中心,南沙,3室/4室,建筑面积：86-130㎡,29000
华润置地瑞府,[ 南沙 明珠湾 ] 灵山岛尖（导航“华润置地瑞府”）,南沙,2室/3室/4室/5室/别墅,建筑面积：97-145㎡,33000
时代绿庭山语,[ 南沙 明珠湾 ] 潭灵大道大岗政府旁,南沙,2室/3室,建筑面积：80-108㎡,22000
越秀明珠天悦江湾,[ 南沙 明珠湾 ] 灵山岛尖,南沙,3室/4室,建筑面积：88-178㎡,33000
城投首筑花园,[ 南沙 明珠湾 ] 凤凰大道领界西北侧（凤凰三桥下）,南沙,3室/4室,建筑面积：101-142㎡,
绿城美的·晓风印月,[ 南沙 明珠湾 ] 灵山岛尖,南沙,3室/4室,建筑面积：100-129㎡,
星河智荟,[ 南沙 明珠湾 ] 大涌东路（地铁4号线大涌站旁）,南沙,,建筑面积：180000㎡,
星河湾区壹号,[ 南沙 金洲 ] 上隆岭路以南（湾区壹号销售中心）,南沙,商业,建筑面积：39-71㎡,19000
中交蓝色海湾,[ 南沙 南沙湾 ] 南沙客运港对面,南沙,2室/3室/4室,建筑面积：96-250㎡,33000
功夫小镇,[ 南沙 金洲 ] 上隆岭路1号真功夫总部大楼,南沙,商业,建筑面积：18-50㎡,18000
南沙珠江湾,[ 南沙 南沙湾 ] 漾滨路,南沙,2室/3室/4室,建筑面积：98-142㎡,
越秀国际总部广场（越秀天珹）商业,[ 南沙 金洲 ] 地铁4号线金洲站（A出口）,南沙,商业,建筑面积：42-87㎡,18000
星河山海湾,[ 南沙 南沙湾 ] 地铁4号线南沙客运港站A出口旁,南沙,3室/4室/5室,建筑面积：87-149㎡,30000
珠江源昌花园,[ 南沙 明珠湾 ] 新广三路1号,南沙,3室/4室,建筑面积：106-122㎡,18000
中国铁建环球中心,[ 南沙 蕉门河 ] 广州市南沙区区府旁,南沙,商业,建筑面积：38-2441㎡,55
阳光城丽景湾,[ 南沙 金洲 ] 金沙路,南沙,2室/3室/4室,建筑面积：74-196㎡,
滨海新城,[ 南沙 金洲 ] 金沙路,南沙,2室/3室/4室/5室,建筑面积：72-141㎡,21000
南沙湾御苑,[ 南沙 南沙湾 ] 进港大道,南沙,2室/3室/别墅,建筑面积：96-503㎡,28000
敏捷尚品国际,[ 南沙 金洲 ] 进港大道187号,南沙,商业,建筑面积：57-312㎡,15000
南沙金茂湾,[ 南沙 蕉门河 ] 焦西路,南沙,商业,建筑面积：138-230㎡,36000
中央郡,[ 南沙 金洲 ] 进港大道,南沙,2室/3室/4室,建筑面积：68-135㎡,22000
广晟圣淘沙,[ 南沙 金洲 ] 金沙路,南沙,1室/2室/3室,建筑面积：59-121㎡,23500
中交汇通中心商铺,[ 南沙 明珠湾 ] 起步区灵山岛尖,南沙,,建筑面积：332409㎡,40000
中海联南沙国贸中心,[ 南沙 金洲 ] 上隆岭路与金隆路交叉口西南侧（地铁金...,南沙,,建筑面积：52-934㎡,17000
南沙水岸广场,[ 南沙 蕉门河 ] 南沙牌坊旁,南沙,,建筑面积：2100㎡,23000
华海·山屿海,[ 南沙 南沙湾 ] 南沙街兴业路北侧,南沙,2室/3室,建筑面积：79-118㎡,24000
南恒大厦,[ 南沙 黄阁 ] 蕉西路南沙供电局西南侧,南沙,,建筑面积：1597㎡,
海宸逸品,[ 南沙 金洲 ] 进港大道187号北侧,南沙,1室,建筑面积：44.38㎡,20000
晴海岸商铺,[ 南沙 南沙湾 ] 三姓路,南沙,,建筑面积：148983㎡,20000
南沙奥园,[ 南沙 南沙湾 ] 珠江东路269号,南沙,,建筑面积：406190㎡,8000
景业东湖洲豪园,[ 南沙 南沙湾 ] 南沙街环市大道南横地铁口西侧,南沙,3室,建筑面积：95-121㎡,26000
港航华庭商铺,[ 南沙 金洲 ] 进港大道582号,南沙,,建筑面积：105268㎡,45000
大岗雅苑·经典,[ 南沙 明珠湾 ] 桥南街汇景大道60号,南沙,,建筑面积：55000㎡,20000
保利南沙天汇,[ 南沙 黄阁 ] 黄阁南路与进港大道交界处西南侧,南沙,,建筑面积：850000㎡,
南沙城,[ 南沙 金洲 ] 南沙区进港大道和环市大道交汇路口南侧...,南沙,,建筑面积：1302㎡,
凯德新玥商铺,[ 南沙 明珠湾 ] 蔡新路与广场路交界,南沙,,建筑面积：230000㎡,9000
星河壹号公馆,[ 南沙 金洲 ] 上隆领路北侧,南沙,商业,建筑面积：38-65㎡,20000
盈港国际,[ 南沙 金洲 ] 进港大道,南沙,商业,建筑面积：48.57-139.2㎡,16000
麒麟广场,[ 南沙 黄阁 ] 黄阁大道南,南沙,商业,建筑面积：39-60㎡,14000
临港国际商务大厦,[ 南沙 南沙湾 ] 龙穴大道中123号,南沙,商业,建筑面积：53㎡,20000
海力花园,[ 南沙 金洲 ] 进港大道555号,南沙,1室/2室/3室/4室/6室,建筑面积：76-320㎡,7600
优山悦海,[ 南沙 南沙湾 ] 商贸南2路,南沙,2室/3室/4室,建筑面积：78.67-140㎡,14500
领界,[ 南沙 明珠湾 ] 南江一路,南沙,商业,建筑面积：51-55㎡,
南沙万达广场,[ 南沙 蕉门河 ] 环市大道与双山大道交汇处,南沙,商业,建筑面积：62㎡,
誉林公园一号,[ 南沙 其他 ] 东顺路33号(豪岗大道镇政府旁),南沙,2室/3室,建筑面积：74.19-98.88㎡,
方圆合景南沙水恋,[ 南沙 黄阁 ] 黄阁汽车城地铁站A出口附近,南沙,2室/3室/4室,建筑面积：92-143㎡,
富力伯爵山商铺,[ 南沙 南沙湾 ] 南沙街英东大道中广州市第二中学南沙附...,南沙,,建筑面积：34-215㎡,10000
印月翠谷,[ 南沙 南沙湾 ] 鹿颈路七号之一,南沙,别墅,建筑面积：155-288㎡,
凯德新玥,[ 南沙 明珠湾 ] 蔡新路与广场路交界,南沙,2室/3室/4室,建筑面积：75-138㎡,
港航华庭,[ 南沙 金洲 ] 进港大道582号,南沙,3室/4室,建筑面积：101-140㎡,48000
碧桂园云麓半山,[ 南沙 金洲 ] 登山路,南沙,3室/4室/6室,建筑面积：116-219㎡,
香江国际金融中心,[ 南沙 金洲 ] 金隆路与上隆岭路交界处,南沙,商业,建筑面积：39-56㎡,20000
南沙湾石奥,[ 南沙 南沙湾 ] 港前大道南沙游艇会接待中心,南沙,1室/2室,建筑面积：77-125㎡,
滨海半岛国际公寓,[ 南沙 金洲 ] 环市大道西海宁大街108-109号,南沙,商业,建筑面积：49-79.9㎡,
越秀滨海珺城,[ 南沙 金洲 ] 环市大道西（地铁四号线金洲站出口）,南沙,2室/3室/4室,建筑面积：87-165㎡,10500
优山美墅,[ 南沙 金洲 ] 街道办事处九王庙村内，港前大道北以西...,南沙,2室/3室,建筑面积：67.46-129.32㎡,
珠光南沙御景,[ 南沙 金洲 ] 金隆路（南沙公安局对面、地税局旁边）,南沙,2室/3室/5室,建筑面积：104-143㎡,
万科府前一号,[ 南沙 蕉门河 ] 凤凰大道西侧,南沙,2室/3室/4室,建筑面积：84-143㎡,
奥园海景城,[ 南沙 金洲 ] 进港大道22号（祈福酒店旁）,南沙,3室/4室,建筑面积：135.14-179.58㎡,
观海美寓,[ 南沙 南沙湾 ] 南沙区南沙街道办事处辖内，江南路东侧...,南沙,2室/3室,建筑面积：83.58-114㎡,
成卓世纪中心,[ 南沙 南沙湾 ] 南沙进港大道和海滨路交界东南向（蕉门...,南沙,,建筑面积：31674㎡,
万科海上明月,[ 南沙 黄阁 ] 蕉门水道旁,南沙,3室/4室,建筑面积：81-137㎡,210
南沙时代,[ 南沙 金洲 ] 进港大道377号（南沙街道旁）,南沙,3室/4室,建筑面积：80-113㎡,
南沙御顷轩,[ 南沙 明珠湾 ] 万顷沙镇新垦育才路41号,南沙,2室/3室/4室,建筑面积：79-142㎡,15000
越先生的街,[ 南沙 金洲 ] 双山大道与祈丰路交汇处,南沙,,建筑面积：14600㎡,35000
星河盛世,[ 南沙 金洲 ] 金沙路（进港大道肯德基北侧前行50米）,南沙,2室/3室/4室,建筑面积：73.83-143.22㎡,12000
越秀滨海御城,[ 南沙 金洲 ] 双山大道,南沙,3室/4室/5室,建筑面积：93-144㎡,30000
万科南方公元,[ 南沙 黄阁 ] 黄阁大道南东侧,南沙,2室/3室/4室,建筑面积：70-100㎡,21000
锦珠广场,[ 南沙 明珠湾 ] 环市大道西,南沙,商业,建筑面积：413-625㎡,
万科白鹭郡,[ 南沙 黄阁 ] 黄阁大道南,南沙,4室,建筑面积：88-101㎡,27000
中大城,[ 南沙 金洲 ] 环市大道西与双山大道交汇处（金洲地铁...,南沙,2室/3室/4室,建筑面积：50-142㎡,
南沙蓝光林肯公园,[ 南沙 金洲 ] 金枫中路,南沙,3室/4室,建筑面积：100-129㎡,
大岗绿庭雅苑,[ 南沙 明珠湾 ] 东升路228号,南沙,2室/3室,建筑面积：73-93㎡,12000
逸涛湾,[ 南沙 蕉门河 ] 进港大道牌坊前100米,南沙,2室/3室,建筑面积：76-113㎡,
创鸿南沙一品,[ 南沙 金洲 ] 经济技术开发区祈福酒店南侧,南沙,2室/3室/4室,建筑面积：49-142㎡,
云台花园2,[ 南沙 金洲 ] 进港大道旁（靠近碧桂园天玺湾）,南沙,,建筑面积：306472㎡,
富力天海湾,[ 南沙 明珠湾 ] 工业一路,南沙,商业,建筑面积：40-144㎡,22000
广州时代云图,[ 南沙 金洲 ] 南沙街双山大道与金隆路交汇处(地铁四...,南沙,2室/3室/4室,建筑面积：70-110㎡,14000
南沙涉外公馆,[ 南沙 金洲 ] 进港大道579号,南沙,,建筑面积：5063㎡,
龙光棕榈水岸,[ 南沙 蕉门河 ] 金蕉大道西(新行政中心的对面),南沙,,建筑面积：270000㎡,
碧桂园海湾1号,[ 南沙 南沙湾 ] 海港大道,南沙,2室/3室/4室,建筑面积：75-140㎡,25000
悠山时光,[ 南沙 金洲 ] 进港大道,南沙,2室/3室,建筑面积：90.5-111㎡,19500
南沙裕豪轩,[ 南沙 南沙湾 ] 海景路8号,南沙,2室/3室,建筑面积：78-101㎡,
保利南沙大都汇,[ 南沙 金洲 ] 金隆路,南沙,商业,建筑面积：53-67㎡,19000
南沙心意华庭,[ 南沙 金洲 ] 金岭北路395号,南沙,2室/3室,建筑面积：68-127㎡,
南沙湾东苑,[ 南沙 南沙湾 ] 港前大道,南沙,2室/3室,建筑面积：86-145㎡,
中惠壁珑湾,[ 南沙 蕉门河 ] 南沙进港大道与凤凰大道交汇处,南沙,2室/3室/商业,建筑面积：52.6-142㎡,
城南故事,[ 南沙 其他 ] 高沙路蓝华街,南沙,2室/3室,建筑面积：85-98㎡,
广晟海韵兰庭,[ 南沙 金洲 ] 进港大道金洲商业街旁,南沙,2室/3室,建筑面积：69.49-154㎡,
南沙境界,[ 南沙 黄阁 ] 黄阁镇市南公路290号,南沙,3室/5室,建筑面积：97-276㎡,
碧桂园豪庭,[ 南沙 金洲 ] 地铁4号线金洲站东行500米,南沙,2室/3室/4室/5室/6室/7室,建筑面积：79-828㎡,
敏捷君御国际,[ 南沙 金洲 ] 进港大道与珠电路东南向交汇处,南沙,1室,建筑面积：37.8-89.5㎡,
南沙玫瑰花园,[ 南沙 南沙湾 ] 南沙街江南路玫瑰花园玫瑰街6号楼,南沙,2室/3室,建筑面积：80.34-122㎡,
蝴蝶谷,[ 南沙 金洲 ] 进港大道（南沙碧桂园东侧）,南沙,2室/3室,建筑面积：101.8-122.54㎡,
奥园金莎广场,[ 南沙 金洲 ] 进港大道与金沙路交汇处（祈福酒店旁）,南沙,1室,建筑面积：52-90㎡,
南沙云山诗意,[ 南沙 蕉门河 ] 环岛西路与丰泽东路交界的西北角,南沙,,建筑面积：64064㎡,
云台花园,[ 南沙 金洲 ] 南沙进港大道旁,南沙,,建筑面积：306472㎡,
南沙翡翠公馆,[ 南沙 金洲 ] 金隆路（金沙路）金洲村与板头村交界...,南沙,,建筑面积：60000㎡,
富力伯爵山,[ 南沙 南沙湾 ] 英东大道近振洋路,南沙,5室,建筑面积：216-248㎡,18500
南沙金湾,[ 南沙 金洲 ] 进港大道华汇广场旁,南沙,3室/4室,建筑面积：68-95㎡,
碧桂园天玺湾,[ 南沙 金洲 ] 进港大道东段北侧,南沙,别墅,建筑面积：330-650㎡,
保利星海小镇,[ 南沙 明珠湾 ] 镇南路,南沙,3室/4室,建筑面积：86.1-135㎡,
中盈一海里,[ 南沙 明珠湾 ] 环市大道西与工业一路交汇处,南沙,2室/3室/4室,建筑面积：77-125㎡,9000
碧桂园玺悦,[ 南沙 南沙湾 ] 环市大道北南侧（碧桂园天玺湾旁）,南沙,3室/4室,建筑面积：84-113㎡,23000
依山小筑,[ 南沙 金洲 ] 富佳东街,南沙,,建筑面积：27056㎡,12000
叠翠峰,[ 南沙 蕉门河 ] 蕉门路,南沙,,建筑面积：610133㎡,
碧桂园蜜柚,[ 南沙 金洲 ] 进港大道北侧（南沙碧桂园对面）,南沙,2室/3室/4室,建筑面积：68-125㎡,17000
翡翠蓝湾璟峰,[ 南沙 明珠湾 ] 蓝华街21号,南沙,2室/3室,建筑面积：77-98㎡,
晴海岸,[ 南沙 南沙湾 ] 三姓路,南沙,2室/3室,建筑面积：75-101㎡,26000
世泰凯旋公寓,[ 南沙 蕉门河 ] 环市大道与黄阁南路交接（滨海半岛花园...,南沙,1室,建筑面积：48㎡,
瀚成华府,[ 南沙 其他 ] 大岗镇潭灵大道东102-104号,南沙,3室,建筑面积：92-106㎡,
华汇国际广场,[ 南沙 金洲 ] 进港大道珠电路口,南沙,,建筑面积：67229㎡,
东平雅筑,[ 南沙 其他 ] 大岗镇东流村,南沙,,建筑面积：16475㎡,
思科智慧城12光年,[ 番禺 大学城 ] 广州国际创新城大学城南岸,番禺,4室,建筑面积：122-195㎡,45000
中国铁建花语岭南,[ 番禺 华南 ] 万博金山谷旁,番禺,4室,建筑面积：110-128㎡,46000
品秀星瀚,[ 番禺 广州南站 ] 地铁22号线陈头岗地铁站（在建中）旁,番禺,2室/3室,建筑面积：85-115㎡,36000
亚运城,[ 番禺 亚运新城 ] 兴亚二路,番禺,2室/3室/4室,建筑面积：88-162㎡,27000
广地花园·观澜,[ 番禺 华南 ] 华南快速出口（广地花园）,番禺,2室/3室/4室,建筑面积：85-123㎡,38000
金地壹阅府,[ 番禺 华南 ] 万博商务区兴南大道与万博二路交汇处,番禺,3室/4室,建筑面积：130-180㎡,65000
碧桂园藏珑府长盛汇,[ 番禺 华南 ] G105与南大路交汇处（长隆野生动物世界...,番禺,商业,建筑面积：33-66㎡,22000
藏珑府,[ 番禺 华南 ] 番禺区G105与南大路交汇处（长隆野生动...,番禺,2室/3室/8室/别墅,建筑面积：90-167㎡,44000
珠江铂世湾,[ 番禺 华南 ] 万博华南新城高尔夫东侧,番禺,3室/4室/5室,建筑面积：94-139㎡,45000
中海左岸澜庭,[ 番禺 亚运新城 ] 亚运大道华侨城旁,番禺,2室,建筑面积：84-91㎡,30000
电建地产洺悦玉府,[ 番禺 市桥 ] 禺山西路与景观大道交汇处大夫山森林公...,番禺,3室/4室,建筑面积：105-125㎡,35000
广州大华紫悦府,[ 番禺 市桥 ] 禺山西路海伦堡创意园旁,番禺,3室/4室,建筑面积：97-125㎡,35000
碧桂园星荟,[ 番禺 大学城 ] 化龙镇翠湖工业大道11号,番禺,商业,建筑面积：38-1571.1㎡,18500
敏捷富瑞公馆,[ 番禺 市桥 ] 金业街1号,番禺,商业,建筑面积：54-2347㎡,18000
万科世博汇,[ 番禺 广州南站 ] 韦海路,番禺,商业,建筑面积：28-45㎡,26000
广州碧桂园樾时光,[ 番禺 洛溪 ] 广州碧桂园（地铁2号线南浦站旁）,番禺,2室/3室/4室,建筑面积：100-143㎡,37000
龙光天瀛,[ 番禺 市桥 ] 大夫山下景观大道东侧,番禺,2室/3室,建筑面积：89-117㎡,35000
璞悦台,[ 番禺 市桥 ] 市新路,番禺,3室/4室,建筑面积：102-128㎡,
加富花园（二期）天悦,[ 番禺 市桥 ] 石碁文化广场旁,番禺,1室/2室/3室,建筑面积：51-118㎡,24000
臻尚苑商用,[ 番禺 广州南站 ] 石洲中路,番禺,,建筑面积：64304㎡,25000
五矿万樾台,[ 番禺 华南 ] 兴南大道723号,番禺,,建筑面积：28760㎡,1600
保利悦公馆,[ 番禺 华南 ] 东环街道（万博金山谷旁）,番禺,,建筑面积：350000㎡,
智联汽车小镇,[ 番禺 亚运新城 ] 金山大道东龙丰路段,番禺,2室/3室,建筑面积：71-94㎡,
凯德·山海连城,[ 番禺 亚运新城 ] 连海路（南大干线旁）,番禺,2室/3室/4室/别墅,建筑面积：75-337㎡,25000
南天名苑,[ 番禺 洛溪 ] 环岛北路8号,番禺,4室/5室,建筑面积：217-365㎡,80000
天颐华府,[ 番禺 市桥 ] 大龙街富怡路罗家村段6号,番禺,别墅,建筑面积：258-390㎡,1800
金海岸花园,[ 番禺 亚运新城 ] 金海岸大道,番禺,1室/2室/3室/4室/5室/8室,建筑面积：77-469㎡,54000
信业悦都荟,[ 番禺 华南 ] 番禺大道北822号,番禺,商业,建筑面积：43-62㎡,29000
星河湾半岛,[ 番禺 洛溪 ] 沙溪大道480号,番禺,4室/5室,建筑面积：254-682㎡,88000
敏捷御峰国际,[ 番禺 华南 ] 大石105国道敏捷御峰国际销售中心,番禺,商业,建筑面积：30-74㎡,14800
珑翠,[ 番禺 华南 ] 市广路,番禺,3室/4室/5室,建筑面积：124-250㎡,38000
金龙城,[ 番禺 亚运新城 ] 亚运大道,番禺,商业,建筑面积：40-92㎡,18000
臻尚苑,[ 番禺 广州南站 ] 石洲中路,番禺,2室/3室,建筑面积：95-118㎡,42000
新城市星海42,[ 番禺 市桥 ] 坑口路123号（星海公园旁）,番禺,别墅,建筑面积：422-612㎡,800
尚上名筑,[ 番禺 亚运新城 ] 南环路132号,番禺,2室/3室/别墅,建筑面积：79-223㎡,980
四海城商业广场,[ 番禺 华南 ] 番禺区南村镇汉溪大道东390号,番禺,商业,建筑面积：2155㎡,36000
祈福缤纷汇,[ 番禺 华南 ] 福华路24号,番禺,1室/2室/3室/4室,建筑面积：41-169㎡,34000
粤海广场,[ 番禺 华南 ] 广州市番禺区万博商务区（汉溪大道与万...,番禺,商业,建筑面积：55㎡,40000
招商金山谷意库,[ 番禺 华南 ] 东艺路招商金山谷,番禺,商业,建筑面积：1000㎡,26000
大学小筑,[ 番禺 大学城 ] 中五路159号,番禺,3室/4室/5室,建筑面积：179-440㎡,75000
大夫山尚东,[ 番禺 市桥 ] 东桥大街,番禺,2室/3室/4室,建筑面积：79-110㎡,26000
保利汉溪大都汇,[ 番禺 华南 ] 广州市番禺区地铁3号线汉溪长隆地铁站...,番禺,,建筑面积：52000㎡,36000
星尚,[ 番禺 市桥 ] 丰尚路68号,番禺,2室/3室/4室,建筑面积：83-140㎡,22000
龙沁星源,[ 番禺 市桥 ] 市桥街北桥路（原番广路）东北侧,番禺,,建筑面积：11795㎡,
时代E-park(番禺),[ 番禺 华南 ] 汉溪大道与新光快速交汇,番禺,,建筑面积：170.87-398.21㎡,
昊龙花园,[ 番禺 市桥 ] 中华大道1108号,番禺,2室/3室/4室,建筑面积：72-200㎡,31000
朗信国际,[ 番禺 市桥 ] 番禺大道北1686号 （导航搜索朗信国际...,番禺,商业,建筑面积：29-75.37㎡,
海伦堡创意园,[ 番禺 市桥 ] 禺山西路329号,番禺,,,
广晟万博城,[ 番禺 华南 ] 南村镇万博二路,番禺,商业,建筑面积：36-57㎡,36000
敏捷动漫国际,[ 番禺 华南 ] 番禺区番禺大道北动漫产业园（迎星东路...,番禺,商业,建筑面积：54-54㎡,23000
招商金山谷意库商铺,[ 番禺 华南 ] 新光快速与东艺路交汇处,番禺,,建筑面积：104053㎡,12000
东湖洲花园,[ 番禺 亚运新城 ] 傍雁路883号,番禺,3室/4室/5室,建筑面积：86-283㎡,35000
清华科技园广州创新基地,[ 番禺 亚运新城 ] 番禺石楼镇创启路63号,番禺,,建筑面积：88㎡,9500
路福联合广场,[ 番禺 广州南站 ] 汉溪大道西233号,番禺,,建筑面积：1225㎡,35000
庄士映蝶蓝湾,[ 番禺 亚运新城 ] 莲港大道126号庄士映蝶蓝湾南门,番禺,,建筑面积：450000㎡,1200
中洲公馆,[ 番禺 市桥 ] 市桥北桥路一号,番禺,商业,建筑面积：42-84㎡,20000
天睿,[ 番禺 华南 ] 石北工业路,番禺,商业,建筑面积：125㎡,23000
雄峰城,[ 番禺 华南 ] 105国道,番禺,商业,建筑面积：46-60㎡,20000
中铁诺德中心,[ 番禺 华南 ] 南村镇汉溪大道东471号,番禺,,建筑面积：117-252㎡,34000
同创誉城,[ 番禺 华南 ] 国泰路12号,番禺,商业,建筑面积：46-93㎡,
金地壹阅府商用,[ 番禺 华南 ] 万博商务区兴南大道与万博二路交汇处,番禺,,建筑面积：310㎡,1400
汇南商务中心（办公）,[ 番禺 其他 ] 南桂路,番禺,,建筑面积：25000㎡,
越秀御珑苑,[ 番禺 大学城 ] 小谷围岛大学城中八路22号,番禺,2室/3室/4室/5室,建筑面积：85-190㎡,4000
珊瑚天峰,[ 番禺 洛溪 ] 沙溪大道珊瑚湾畔,番禺,3室/5室,建筑面积：170-290㎡,26000
星晨时代豪庭,[ 番禺 市桥 ] 福景路729号（禺山高级中学南面）,番禺,3室/4室/5室,建筑面积：123.81-232.51㎡,30000
丽江如英居,[ 番禺 洛溪 ] 沿沙东路63号,番禺,3室,建筑面积：97-99㎡,
正太广场,[ 番禺 市桥 ] 禺山大道168号,番禺,2室/3室,建筑面积：78-117㎡,23000
华筑翡翠湾,[ 番禺 市桥 ] 大石街沿江东路22号,番禺,2室/3室/4室,建筑面积：73-136㎡,38000
保利红馆,[ 番禺 华南 ] 汉溪大道,番禺,,建筑面积：42793㎡,
尚轩103,[ 番禺 大学城 ] 中五路,番禺,3室/4室,建筑面积：260-266㎡,62000
富豪山庄,[ 番禺 华南 ] 东环街市广路232号,番禺,3室/4室,建筑面积：99-182㎡,
悦尚公馆,[ 番禺 华南 ] 大石街富丽商住区403号（群贤酒店旁）,番禺,1室/2室/3室,建筑面积：44-87㎡,
信基领秀公馆,[ 番禺 市桥 ] 天安科技园南门,番禺,商业,建筑面积：40-72㎡,
誉瀛新天地,[ 番禺 华南 ] 市广路238号,番禺,商业,建筑面积：47-91㎡,
万科欧泊,[ 番禺 华南 ] 南村兴南大道368号,番禺,4室,建筑面积：142-187㎡,21000
诺德名都,[ 番禺 华南 ] 兴业大道西989号,番禺,2室/3室,建筑面积：90-148㎡,17000
中环品悦,[ 番禺 华南 ] 大石街南大路263号长隆北门正对面,番禺,1室/2室/3室,建筑面积：53-99㎡,15000
金沙御苑,[ 番禺 市桥 ] 中良路32号,番禺,2室/3室,建筑面积：97-145㎡,13000
敏捷四季花园,[ 番禺 华南 ] 南大路与景华南路交汇（新月明珠西侧）,番禺,3室,建筑面积：92-120㎡,18000
越秀可逸阳光,[ 番禺 市桥 ] 南德信路与福愉路交汇处（养生广场西南...,番禺,2室/3室/4室,建筑面积：82-179㎡,
信基城,[ 番禺 华南 ] 迎宾路与南大干线南交叉口的西面,番禺,3室/4室/5室,建筑面积：113-201㎡,
富宾星悦国际,[ 番禺 市桥 ] 东环街东环路236号,番禺,商业,建筑面积：50-78㎡,
番禺君华香柏广场,[ 番禺 市桥 ] 市良路西环路交汇处,番禺,2室/3室/4室,建筑面积：78-163㎡,
金沙诚筑,[ 番禺 市桥 ] 桥南龙岐路283号,番禺,2室/3室,建筑面积：85-101㎡,
奥园城市天地,[ 番禺 华南 ] 新光快速与汉溪大道交汇处（汉溪长隆地...,番禺,商业,建筑面积：48-96㎡,
珠江怡景湾,[ 番禺 洛溪 ] 洛浦街沙溪大道榕江街3-7号（番禺大石...,番禺,2室/3室,建筑面积：86-116㎡,
雅居乐君域公馆,[ 番禺 市桥 ] 大北路中段的侨联大街,番禺,1室/2室/3室,建筑面积：29-130㎡,
南奥高尔夫酒店公寓,[ 番禺 华南 ] 汉溪大道南国奥园（三号线汉溪长隆站旁...,番禺,1室/3室,建筑面积：63.62-180㎡,
SOLO禺意湾8号,[ 番禺 华南 ] 大石镇沿江中路8号,番禺,,建筑面积：30000㎡,
奥园国际中心,[ 番禺 华南 ] 万博二路与汇智三路交汇处,番禺,,建筑面积：341318㎡,
南国国际公馆,[ 番禺 华南 ] 大石街猛涌村105国道西侧,番禺,,建筑面积：43-74㎡,
碧桂园新亿德大厦,[ 番禺 市桥 ] 市桥街东城新区盛泰路342号（番禺广场...,番禺,,建筑面积：9496㎡,25000
锦绣一方,[ 番禺 亚运新城 ] 建设路,番禺,1室/2室/3室/4室,建筑面积：44.31-145㎡,19000
碧桂园铂耀中心,[ 番禺 市桥 ] 番禺大道与东兴路交汇处（番禺广场站A...,番禺,,建筑面积：20000㎡,
中银大厦,[ 番禺 市桥 ] 清河东路338号,番禺,,,
广州亚运城国际商业街,[ 番禺 亚运新城 ] 兴亚三路与兴岭路交叉口西南100米,番禺,,建筑面积：23112㎡,
温馨里,[ 番禺 市桥 ] 市广路与东环路交汇处（市桥地铁站A出...,番禺,2室/3室,建筑面积：68-140㎡,17000
时代外滩,[ 番禺 洛溪 ] 沙窖岛东侧,番禺,4室/5室,建筑面积：168-377㎡,
敏捷伊顿公馆,[ 番禺 华南 ] 市广路（金山大道新光快速出口）,番禺,商业,建筑面积：49-95㎡,12000
招商金山谷,[ 番禺 市桥 ] 东环街东艺路81号（金山大道的南面）,番禺,2室/3室/4室/商业,建筑面积：29-210㎡,
星力时代豪庭,[ 番禺 华南 ] 东环街迎星路（星力动漫游戏产业园旁）,番禺,2室/3室/4室,建筑面积：68-132㎡,25000
越秀可逸江畔,[ 番禺 市桥 ] 南城路（番禺中学旁）,番禺,1室/2室/3室/4室/5室/商业,建筑面积：44-192㎡,
金海御苑,[ 番禺 亚运新城 ] 石岗南路9号(金海岸花园西侧、石岗南路...,番禺,3室/5室,建筑面积：135-187㎡,
柏丽星寓,[ 番禺 亚运新城 ] 石楼镇黄山路68号（保利公馆2010对面）,番禺,商业,建筑面积：51.96-81㎡,14000
时代柏林,[ 番禺 市桥 ] 福景路,番禺,3室/4室,建筑面积：97-143㎡,
海伦堡流金岁月,[ 番禺 市桥 ] 福德路223号,番禺,,建筑面积：144043㎡,33000
荔园地产中心,[ 番禺 华南 ] 万博四路（即万达广场旁）,番禺,商业,建筑面积：55-63㎡,53000
招商城市主场,[ 番禺 华南 ] 兴南大道,番禺,商业,建筑面积：39-74㎡,
We公馆,[ 番禺 华南 ] 地铁3号线大石地铁站B出口,番禺,商业,建筑面积：58-126㎡,7500
华新智汇+,[ 番禺 华南 ] 汉溪大道（万博中心）,番禺,商业,建筑面积：60-113㎡,
祈福新村活力花园2期,[ 番禺 华南 ] 广州番禺区祈福新邨,番禺,2室/3室,建筑面积：77-135㎡,20000
祈福名都,[ 番禺 华南 ] 市广路祈福新村,番禺,1室/2室/3室/4室,建筑面积：39.22-138㎡,21000
龙璟山,[ 番禺 市桥 ] 南村镇南村景山大街61号（广州雅居乐旁...,番禺,商业,建筑面积：150-344㎡,29000
信业尚誉,[ 番禺 亚运新城 ] 亚运大道198号（清河市场旁）,番禺,1室/2室,建筑面积：42-56㎡,
新城市宜家,[ 番禺 华南 ] 大石建华南路168号,番禺,1室/2室/3室,建筑面积：29.16-109㎡,
星汇文瀚,[ 番禺 大学城 ] 中山大学旁边,番禺,3室/4室,建筑面积：98-181㎡,
星汇文宇,[ 番禺 大学城 ] 中五路,番禺,2室/3室/4室,建筑面积：82-184㎡,
敏捷上城国际,[ 番禺 华南 ] 番禺大道北以东、汉溪大道以南,番禺,1室/2室/4室,建筑面积：46.49-111㎡,
时代倾城,[ 番禺 市桥 ] 七星岗公园东面，市新公路东侧,番禺,2室/3室,建筑面积：74-118㎡,
雅居乐锦官城,[ 番禺 市桥 ] 冠军城南侧（禺山高级中学斜对面）,番禺,3室/4室,建筑面积：95-145㎡,
雅居乐城南源著,[ 番禺 市桥 ] 市桥南南城路,番禺,1室/2室/3室,建筑面积：47.8-96.91㎡,
敏建锦绣世家,[ 番禺 市桥 ] 青云大道（沙湾镇政府旁）,番禺,2室/3室/4室,建筑面积：84-125㎡,
尚东尚筑,[ 番禺 亚运新城 ] 番禺区清河东路北侧（番禺客运站西行2...,番禺,3室/4室,建筑面积：91-151㎡,
盛恒家园,[ 番禺 亚运新城 ] 前锋村站对面，亚运大道北侧,番禺,2室,建筑面积：68-70㎡,12500
敏捷上品公馆,[ 番禺 华南 ] 市广路（广东书法院对面）,番禺,1室/4室,建筑面积：56.05-111.45㎡,
番禺万达广场,[ 番禺 华南 ] 迎宾大道万博中心以东，汉溪大道以北，...,番禺,1室/2室,建筑面积：50-65㎡,
敏捷领航公馆,[ 番禺 华南 ] 大石朝阳东路锦绣银湾旁,番禺,1室/3室,建筑面积：56-70㎡,
广奥友谊尚居,[ 番禺 洛溪 ] 105国道以北，如意路以东,番禺,1室/2室/3室,建筑面积：39-127㎡,
诺德名筑,[ 番禺 华南 ] 番禺大道北666号,番禺,2室/3室,建筑面积：74-102㎡,
博学公馆,[ 番禺 市桥 ] 中心城区南区福德路南侧，市龙歧路与农...,番禺,1室/2室,建筑面积：55.9-84.8㎡,
鸿禧华庭,[ 番禺 市桥 ] 市桥街光明北路283号,番禺,1室/2室/3室,建筑面积：58.4-120㎡,
奥园养生广场,[ 番禺 市桥 ] 桥南街中心城区，毗邻中心医院北侧,番禺,1室/2室,建筑面积：35-80㎡,
环球一英里,[ 番禺 华南 ] 兴泰路296号,番禺,,建筑面积：200000㎡,
敏捷时空壹号,[ 番禺 广州南站 ] 汉溪大道与石山大道交汇处（西出发平台...,番禺,1室/4室,建筑面积：43-108㎡,
金融街·融穗澜湾,[ 番禺 市桥 ] 盛泰路与长提东路交界，黄沙岛花园北面,番禺,,建筑面积：896000㎡,
保利大都汇,[ 番禺 华南 ] 汉溪大道与新光快速交汇处,番禺,,建筑面积：227884㎡,40000
新月明珠花园二期,[ 番禺 华南 ] 大石街景华南路30号,番禺,,建筑面积：35887㎡,
番禺市桥南,[ 番禺 市桥 ] 区桥南街南区公园南侧,番禺,,,
奥园莲峰圣境,[ 番禺 亚运新城 ] 莲江路,番禺,4室/5室,建筑面积：170-320㎡,16000
金沙丽水,[ 番禺 市桥 ] 沙湾路128号,番禺,3室,建筑面积：87-90㎡,112
雅居乐剑桥郡,[ 番禺 华南 ] 南村镇草堂村地段,番禺,3室/4室,建筑面积：100-345㎡,27000
华南新城,[ 番禺 华南 ] 番禺南大路168号(华南快速干线番禺大桥...,番禺,2室/3室/4室,建筑面积：92-172㎡,
锦绣半岛,[ 番禺 洛溪 ] 洛浦街南浦环岛西路121号,番禺,2室/3室/4室,建筑面积：77-164㎡,24000
敏捷金月湾,[ 番禺 洛溪 ] 南浦大道（东新高速南浦站出口）,番禺,3室/4室,建筑面积：91-168㎡,24000
莲花山碧桂园,[ 番禺 亚运新城 ] 莲花山景区旁（莲花山高尔夫球会对面）,番禺,4室/5室,建筑面积：280-380㎡,
东怡新地,[ 番禺 市桥 ] 亚运大道与清河东路接驳口（地铁番禺广...,番禺,2室/3室/4室,建筑面积：75-141㎡,38000
海印总统公馆,[ 番禺 华南 ] 南村镇番禺大道北383号,番禺,商业,建筑面积：65-107㎡,18000
丽水蓝天,[ 番禺 华南 ] 大石街朝阳东路,番禺,2室/3室,建筑面积：83-125㎡,24000
富丽居,[ 番禺 华南 ] 大石街石化工业路22号（大石中心小学旁...,番禺,1室/2室,建筑面积：51-119㎡,28000
尚东数字居,[ 番禺 华南 ] 迎宾路,番禺,商业,建筑面积：50-70㎡,380
大学城馨园,[ 番禺 大学城 ] 中五路63号（广州大学城中环西路和中五...,番禺,3室/4室,建筑面积：136-262.5㎡,
君华御府,[ 番禺 市桥 ] 德贤路,番禺,3室/4室,建筑面积：69.7-75.22㎡,133
奥园越时代,[ 番禺 广州南站 ] 汉溪大道与石兴大道交汇处,番禺,商业,建筑面积：49-53㎡,19000
星河湾盛荟,[ 番禺 华南 ] 番禺区迎宾路沙溪大桥南岸,番禺,4室,建筑面积：270-342㎡,
星誉花园,[ 番禺 市桥 ] 番禺区市桥新光快线入口（儿童公园西侧,番禺,2室/3室/5室,建筑面积：72-133㎡,
保利香槟国际,[ 番禺 市桥 ] 市良路与南城路交界处侧地块,番禺,1室/3室/4室,建筑面积：50-143.95㎡,
柏丽甜果公馆,[ 番禺 市桥 ] 丽骏路22号,番禺,2室/3室,建筑面积：55-83㎡,
广州雅居乐花园,[ 番禺 华南 ] 兴南大道398号广州雅居乐花园,番禺,2室/3室/4室,建筑面积：75-165㎡,
鑫隆世家,[ 番禺 亚运新城 ] 石楼镇黄东环路123号,番禺,3室/4室,建筑面积：78.8-129.74㎡,
雅居乐七里海,[ 番禺 亚运新城 ] 莲港大道南边,番禺,3室/4室,建筑面积：99-135㎡,
基盛水韵蓝湾,[ 番禺 市桥 ] 番禺大道沙湾大桥收费站东侧,番禺,别墅,建筑面积：414-450㎡,
雍逸华庭,[ 番禺 市桥 ] 南庭路232号,番禺,4室,建筑面积：160-161㎡,
长隆旅游生态城,[ 番禺 华南 ] 万博商圈,番禺,3室/4室/5室,建筑面积：125.87-250.5㎡,
瀚御轩,[ 番禺 亚运新城 ] 龙基中路37号(福乐多超市后面),番禺,,建筑面积：22499㎡,
海印星玥,[ 番禺 华南 ] 番禺大道北383号,番禺,,建筑面积：215818㎡,
上轩,[ 番禺 市桥 ] 捷进中路1、3号,番禺,,建筑面积：19093㎡,
石楼碧桂园项目,[ 番禺 亚运新城 ] 番禺石楼镇大岭村地段,番禺,,建筑面积：168012㎡,
敏捷海大大厦,[ 番禺 华南 ] 兴南大道及万博四路交汇处,番禺,,建筑面积：48000㎡,
中建·映花悦府,[ 花都 新机场 ] 广东省广州市花都区工业大道南,花都,2室/3室,建筑面积：62-89㎡,
合和新城,[ 花都 新机场 ] 迎宾大道3号,花都,2室/3室/4室/5室,建筑面积：60-170㎡,23000
合景保利·香樾四季花园,[ 花都 新机场 ] 广州花都秀全中学旁,花都,3室,建筑面积：87-98㎡,
美林湖・悦美小城,[ 花都 狮岭 ] 清远市清城区石角镇石角社区美林湖路3...,花都,3室/别墅,建筑面积：89-193㎡,6999
自由人花园,[ 花都 新机场 ] 广花路,花都,3室/4室,建筑面积：108-218㎡,25000
朗逸雅居,[ 花都 狮岭 ] 宝峰南路15号,花都,2室/3室/5室,建筑面积：77.4-187㎡,10800
广州融创文旅城,[ 花都 区府 ] 广州市花都区平步大道与曙光路交汇处,花都,3室/4室,建筑面积：88-143㎡,25000
碧桂园假日半岛,[ 花都 狮岭 ] 山前旅游大道碧桂园假日半岛酒店旁,花都,3室/4室,建筑面积：80-124㎡,9500
金融街花溪小镇,[ 花都 新机场 ] 花都大道东228号,花都,3室/4室/5室,建筑面积：92-130㎡,14000
越秀滨湖臻品系,[ 花都 区府 ] 凤凰南路（国光2025PARK北侧）,花都,3室/4室,建筑面积：96-147㎡,28000
里城樾公馆,[ 花都 区府 ] 建设北路樾北街1号（一汽奔腾4S店旁）,花都,2室/3室,建筑面积：97-107㎡,21000
奥园誉湖湾,[ 花都 新机场 ] 花都-滨水新城,花都,3室/4室,建筑面积：105-140㎡,28500
碧桂园泊岸,[ 花都 狮岭 ] 广州市花都区狮岭大道东12号,花都,2室/3室/4室,建筑面积：75-122㎡,13800
时代云港,[ 花都 新机场 ] 空港经济圈镜湖大道南,花都,商业,建筑面积：63㎡,16000
阳光城兰园·翡澜花园,[ 花都 区府 ] 花都区凤凰南路汇丰水产市场B栋喜盟国...,花都,3室/4室,建筑面积：90-122㎡,26500
华润置地路劲金茂桐悦,[ 花都 新机场 ] 广州市花都区凤凰南路（云峰大酒店旁）,花都,,建筑面积：163075㎡,240
天马河公馆,[ 花都 区府 ] 望亭路,花都,3室/4室,建筑面积：92-180㎡,
祈福万景峰,[ 花都 区府 ] 新街大道中,花都,2室/3室/4室,建筑面积：58-148㎡,19000
南驰都湖国际,[ 花都 区府 ] 新华路96号（花都湖公园旁）,花都,2室/3室/4室,建筑面积：83-163㎡,26500
路劲天隽峰,[ 花都 区府 ] 宝华路,花都,4室/5室/6室,建筑面积：125-225㎡,26000
远洋芙蓉墅,[ 花都 狮岭 ] 山前旅游大道,花都,别墅,建筑面积：145-196㎡,26000
御华园,[ 花都 狮岭 ] 狮岭大道东1号,花都,2室/3室/4室,建筑面积：81-144㎡,16000
嘉汇城,[ 花都 新机场 ] 广花路东镜段（广州邮件中心东侧）,花都,2室/3室/4室/5室,建筑面积：76.94-244㎡,18600
广州国际空港中心,[ 花都 新机场 ] 清塘路97号（地铁清塘站B出口）,花都,商业,建筑面积：25-60㎡,14000
远洋·2025PARK,[ 花都 新机场 ] 广州市花都区凤凰南路56号,花都,,建筑面积：470000㎡,
时代紫林,[ 花都 狮岭 ] 芙蓉大道东侧,花都,2室/3室,建筑面积：78-106㎡,18000
新力荔红花园,[ 花都 区府 ] 北站新城荔红北路8号,花都,3室/别墅,建筑面积：95-149㎡,209
兰园·凤翎台,[ 花都 区府 ] 凤凰南路,花都,3室/4室,建筑面积：85-115㎡,
碧桂园星港国际,[ 花都 区府 ] 迎宾大道（地铁莲塘站B出口）,花都,商业,建筑面积：50-110㎡,14000
美林湖,[ 花都 狮岭 ] 山前大道,花都,1室/2室/3室/4室/5室/别墅,建筑面积：70-377㎡,7888
南华时代城,[ 花都 区府 ] 工业大道18号,花都,2室/3室/4室,建筑面积：85-138㎡,22000
班芙小镇,[ 花都 狮岭 ] 建设北路,花都,3室/4室/5室,建筑面积：92-156㎡,14000
祈福聚龙堡,[ 花都 狮岭 ] 菊花石大道9号,花都,2室/3室,建筑面积：78-90㎡,15000
东方文德森岛湖,[ 花都 狮岭 ] 狮岭大道东63号,花都,3室,建筑面积：91-107㎡,19500
荔园悦享花醍,[ 花都 区府 ] 永祥路,花都,2室/3室,建筑面积：75-120㎡,
元邦山清水秀,[ 花都 狮岭 ] 山前大道1242号,花都,2室/3室/4室/别墅,建筑面积：81-1020㎡,12800
保利国际金融中心（花都）,[ 花都 区府 ] 花都三东大道西与天贵北路交汇处,花都,,建筑面积：518387㎡,21000
花悦台,[ 花都 狮岭 ] 国际皮具城狮岭大道金狮三街,花都,2室/3室,建筑面积：67-93㎡,12000
名荟公馆,[ 花都 区府 ] 荔红南路2号,花都,1室,建筑面积：47㎡,18000
信达珺悦蓝庭,[ 花都 新机场 ] 花都大道·巴江明珠公园旁,花都,,建筑面积：267000㎡,
富力环贸中心,[ 花都 狮岭 ] 平步大道与狮岭大道交汇处（广清高速海...,花都,,建筑面积：2089㎡,25000
富力金港城,[ 花都 新机场 ] 金谷北路,花都,,建筑面积：73.71-208㎡,12055
嘉云汇,[ 花都 新机场 ] 花都区广花快速路，邮件处理中心西侧,花都,,建筑面积：580000㎡,
尚品雅居,[ 花都 区府 ] 学府路,花都,2室/3室,建筑面积：73-122㎡,15000
花都迎宾广场,[ 花都 区府 ] 三东大道与公益路交汇处北侧,花都,,建筑面积：153000㎡,
雅宝新城,[ 花都 狮岭 ] 花都大道中131号,花都,1室/2室/3室/4室,建筑面积：58-195㎡,20000
奥园翡翠湖郡,[ 花都 区府 ] 广花路以东、花都湖以南、三向东路以北,花都,,建筑面积：93407㎡,
祈福黄金海岸,[ 花都 区府 ] 培正大道,花都,别墅,建筑面积：143-631.6㎡,10000
卓粤卓雅名苑,[ 花都 区府 ] 南石西路3号,花都,2室/3室,建筑面积：82-130㎡,18000
时代康桥,[ 花都 狮岭 ] 金狮大道西20号,花都,2室/3室/4室/5室/6室,建筑面积：81-357.8㎡,11000
森悦华庭,[ 花都 区府 ] 环湖路10号,花都,3室,建筑面积：108-125㎡,24800
广州颐和盛世,[ 花都 新机场 ] 花都佛一环北线46出口,花都,3室/4室,建筑面积：95.12-180㎡,12000
绿地新里缇香公馆,[ 花都 区府 ] 建设北路,花都,1室/2室/3室/4室,建筑面积：59-180㎡,20000
嘉都汇,[ 花都 区府 ] 迎宾大道,花都,2室/3室/4室,建筑面积：86-184㎡,28000
广州融创文旅城商铺,[ 花都 区府 ] 平步大道与曙光路交汇处,花都,,建筑面积：40-60㎡,52000
花都颐和山庄,[ 花都 新机场 ] 山前大道,花都,2室/3室/4室,建筑面积：90-200㎡,12000
嘉美小镇,[ 花都 狮岭 ] 省道S253,花都,1室/2室/3室,建筑面积：57.25-105㎡,9000
玖珑湖,[ 花都 新机场 ] 山前旅游大道,花都,别墅,建筑面积：50.09-1750㎡,22000
钻石商务大厦,[ 花都 新机场 ] 公益路23号,花都,,,
桃花源,[ 花都 新机场 ] 山前旅游大道,花都,别墅,建筑面积：90-636㎡,23000
锦东花园,[ 花都 区府 ] 紫薇路,花都,2室/3室/4室,建筑面积：95-222㎡,29000
豪利花园,[ 花都 新机场 ] 镜湖大道18号,花都,2室/3室,建筑面积：82.84-109.96㎡,24000
清水蓝湾,[ 花都 新机场 ] 溪河西路7号,花都,3室,建筑面积：118-120㎡,15000
保利高尔夫郡,[ 花都 区府 ] 岭东路95-99号,花都,商业,建筑面积：47.4-84.2㎡,
嘉爵园,[ 花都 区府 ] 建设北路217号,花都,2室/3室/别墅,建筑面积：108.52-449㎡,750
嘉华广场,[ 花都 区府 ] 迎宾大道合和新城正对面,花都,,建筑面积：323000㎡,15000
保利悦廷,[ 花都 区府 ] 风神大道以南，天马河西面,花都,,建筑面积：200000㎡,
碧桂园空港国际,[ 花都 新机场 ] 白云国际机场北空港大道左转500米,花都,1室/2室/3室,建筑面积：57-92㎡,9000
祈福辉煌台,[ 花都 区府 ] 107国道东侧、布心路北侧、金钟路西侧...,花都,2室/3室/4室/5室,建筑面积：84-220㎡,
名雅苑,[ 花都 新机场 ] 花山路40号,花都,3室,建筑面积：94-157.52㎡,
宝铼雅居,[ 花都 区府 ] 新华街迎宾大道南侧、平步大道西以东,花都,2室/3室,建筑面积：79.7-123.02㎡,
美林轩逸时光,[ 花都 区府 ] 新华街镜湖大道16号,花都,3室/4室/5室,建筑面积：91-148㎡,11000
骏辉雅苑,[ 花都 区府 ] 新华街建设北路219号,花都,2室/3室,建筑面积：88-178㎡,
富庄庭,[ 花都 区府 ] 新华街云山大道以南曙光路东侧,花都,1室/3室,建筑面积：56-97㎡,
云山雅轩,[ 花都 区府 ] 新华街铁路西,花都,2室/3室,建筑面积：93-118㎡,
芙蓉半岛,[ 花都 狮岭 ] 芙蓉省级度假区内白水带,花都,7室,建筑面积：386㎡,
名门国际公寓,[ 花都 区府 ] 三东大道与百寿路交界处,花都,,建筑面积：41034㎡,
骏豪阳光花园,[ 花都 狮岭 ] 南航大道10号,花都,,建筑面积：57043㎡,
双赢如家公寓,[ 花都 区府 ] 云山大道与商贸路交汇处,花都,,建筑面积：11384㎡,
雅居乐万科热橙,[ 花都 新机场 ] 花山镇热橙花园热橙大街13-31号（机场...,花都,2室/3室/4室,建筑面积：70-125㎡,16000
好美华庭,[ 花都 区府 ] 花都大道西83号,花都,2室/3室/4室,建筑面积：88-149㎡,10300
路劲悦峰,[ 花都 狮岭 ] 三东大道西（旧花卉市场）,花都,2室/3室/4室,建筑面积：64-147㎡,
深航御花园,[ 花都 区府 ] 新华街曙光大道与迎宾大道交汇处,花都,3室/4室,建筑面积：97-114㎡,680
保利花城,[ 花都 狮岭 ] 广清高速公路以东、三东大道西以北,花都,,建筑面积：495091㎡,26000
万科兰乔圣菲,[ 花都 区府 ] 芙蓉嶂度假区内银湖湾,花都,,建筑面积：148586㎡,
保利翡翠山,[ 花都 区府 ] 建设北路192号（花都公安办证大厅对面...,花都,3室/4室,建筑面积：84-125㎡,26000
锦尚蓬莱苑,[ 花都 区府 ] 新华街道办事处辖内，商业大道以北、凤...,花都,2室/3室/4室,建筑面积：90-147㎡,
狮峰公馆,[ 花都 区府 ] 新华街九谭村,花都,2室/3室,建筑面积：62-130㎡,
花都凤凰御景,[ 花都 区府 ] 新华镇三东大道以南,花都,2室/3室/4室,建筑面积：88-148㎡,
好家园博爱小区,[ 花都 狮岭 ] 山前旅游大道168号美林湖国际社区博爱...,花都,3室,建筑面积：112-129㎡,
花城美汇,[ 花都 区府 ] 新华路105号,花都,商业,建筑面积：50-101㎡,14500
馨泉花园,[ 花都 区府 ] 平龙路19号,花都,1室,建筑面积：56-82㎡,
大湖一号,[ 花都 狮岭 ] 山前大道美林湖国际社区花兜水库旁,花都,3室/4室,建筑面积：123-217㎡,6900
祈福生活无限,[ 花都 新机场 ] 凤凰路与商业大道交界处,花都,1室/2室/3室,建筑面积：55.9-127.45㎡,
千色美湖花园,[ 花都 狮岭 ] 山前大道北美林湖西门（西岸商业广场旁...,花都,2室/3室,建筑面积：72.84-110.73㎡,
雅居乐岭会,[ 花都 狮岭 ] 新庄村内(芙蓉大道东侧),花都,2室/3室/4室,建筑面积：85-135㎡,
城央御景,[ 花都 区府 ] 新华街商贸路9号（花都新华镇广清高速...,花都,1室/2室/3室/4室,建筑面积：43.46-148.6㎡,
骊雅居,[ 花都 区府 ] 商业大道与凤凰北路交汇处西北侧,花都,2室/3室/4室,建筑面积：80.72-143.97㎡,
祈福都会,[ 花都 新机场 ] 花山镇106国道花山段西侧,花都,1室/2室/3室/4室,建筑面积：42-137㎡,
万虹花园,[ 花都 狮岭 ] 南航大道与金狮大道交汇处,花都,3室/4室/5室,建筑面积：95-148.69㎡,
美力百富雅苑二期,[ 花都 区府 ] 云山大道与天贵路交汇处,花都,2室/3室,建筑面积：77.72-116.46㎡,
翠华花园二期,[ 花都 区府 ] 新华街金华路8号，城央御景的斜对面。,花都,2室/3室,建筑面积：79.03-131.41㎡,
恒昌福邸,[ 花都 新机场 ] 花山镇坪山大街,花都,3室,建筑面积：96-103㎡,
美力锦颐雅居,[ 花都 区府 ] 新华街三东大道45号,花都,1室/2室,建筑面积：75-97㎡,
勤天一品树院,[ 花都 狮岭 ] 芙蓉度假村树院五街1、3、5、7、9号,花都,2室/3室/4室/别墅,建筑面积：82-280㎡,
中房观湖国际,[ 花都 区府 ] 新华镇滨湖路东侧西临天贵路东临新街...,花都,1室/2室/3室/4室,建筑面积：62.33-217.39㎡,
摩登华雅轩,[ 花都 区府 ] 新华街建设北路138-5号,花都,3室,建筑面积：96-138㎡,
天马河壹号,[ 花都 区府 ] 新华风神大道与荔红南路交汇,花都,,建筑面积：30056㎡,25000
悦享花醍,[ 花都 区府 ] 迎宾大道西（即宝铼雅居后面）,花都,,建筑面积：64753㎡,
联合广场,[ 花都 狮岭 ] 宝峰南路6-11号,花都,商业,建筑面积：49-59.65㎡,16000
雅居乐汇通国际公寓,[ 花都 区府 ] 平步大道西汇通广场,花都,商业,建筑面积：53-72㎡,
芙蓉春晓,[ 花都 狮岭 ] 芙蓉大道东侧（新庄村）,花都,2室/3室,建筑面积：80.57-122.77㎡,
豪利幸福里,[ 花都 狮岭 ] 狮岭大道美湖路3号洪秀全水库西侧,花都,3室,建筑面积：85-90㎡,
家和岭秀,[ 花都 狮岭 ] 三东大道西,花都,2室/3室,建筑面积：96-146㎡,8900
勤天SOLO上作,[ 花都 区府 ] 迎宾大道中段，迎宾大道与清石海河交汇...,花都,商业,建筑面积：44-83㎡,
俊怡云山御居,[ 花都 区府 ] 云山大道,花都,3室,建筑面积：100-121㎡,
东方苑,[ 花都 新机场 ] 花山镇坪山大街(镇政府旁),花都,1室/2室/3室,建筑面积：46.76-115.11㎡,
水木箐华,[ 花都 狮岭 ] 合成南路7号,花都,3室,建筑面积：89.6-115.8㎡,
美林湖国际社区金色溪谷,[ 花都 新机场 ] 山前大道1号,花都,4室/5室/6室/7室,建筑面积：300-380㎡,
友田翡翠华庭,[ 花都 狮岭 ] 文明路东侧、康政路北侧、团结路西侧,花都,2室/3室,建筑面积：89.56-170.68㎡,
东馨美居,[ 花都 区府 ] 秀全大道33号,花都,3室,建筑面积：110㎡,
怡尚雅居,[ 花都 区府 ] 新华街,花都,,建筑面积：13916㎡,
云峰学府南苑,[ 花都 区府 ] 学府路3号（广州汽车学院正门）,花都,1室/2室/3室/4室,建筑面积：46.82-163.6㎡,8700
天美小岛,[ 花都 狮岭 ] 山前大道168号美林湖国际社区天美小岛,花都,2室/3室,建筑面积：82-119㎡,8900
南航碧花园,[ 花都 狮岭 ] 山前旅游大道,花都,别墅,建筑面积：184.17-439.16㎡,
家和逸品苑,[ 花都 区府 ] 新华街建设北路162号,花都,2室/3室,建筑面积：85-135㎡,17000
轩逸荟,[ 花都 狮岭 ] 狮岭大道东17号,花都,2室/3室,建筑面积：77.91-98.24㎡,
友田碧云轩,[ 花都 狮岭 ] 杨赤公路北,花都,2室/3室/4室,建筑面积：71.23-155.48㎡,12000
桃源盛世名苑,[ 花都 区府 ] 新华街南石西路1号,花都,3室,建筑面积：109-110㎡,
溢盈湖畔别墅,[ 花都 狮岭 ] 狮岭大道东63号（广清高速海布出口洪秀...,花都,别墅,建筑面积：305-399㎡,
花城悦翠园,[ 花都 区府 ] 两龙路,花都,1室/2室/3室/4室,建筑面积：35-121㎡,12000
柏景珑汇,[ 花都 区府 ] 新华街棠柏路1号,花都,商业,建筑面积：47-55㎡,
雅居乐锦城,[ 花都 狮岭 ] 三东大道西（南方花卉交易中心西侧）,花都,2室/3室/4室,建筑面积：79-165㎡,
天湖峰境,[ 花都 新机场 ] 山前旅游大道东段北侧(国家AA级九龙湖...,花都,3室/4室/5室/别墅,建筑面积：94.64-548.77㎡,
俊怡御景花园,[ 花都 区府 ] 建设北路合兴大酒店侧,花都,3室/4室,建筑面积：126-168㎡,
大运家园,[ 花都 区府 ] 迎宾大道与凤凰北路交汇处,花都,3室,建筑面积：126-180㎡,
逸泉韵翠,[ 花都 新机场 ] 花东镇杨荷村,花都,2室/3室/4室,建筑面积：96.25-143.79㎡,
星缘美居,[ 花都 区府 ] 新华镇龙珠路32号,花都,3室/4室,建筑面积：146-278.09㎡,
帝缘花园,[ 花都 狮岭 ] 盘古路以东、金狮大道北侧,花都,2室/3室/4室,建筑面积：107.5-149.68㎡,
云峰花园,[ 花都 新机场 ] 镜湖大道2号,花都,2室/3室,建筑面积：90-139㎡,
金碧御水山庄,[ 花都 狮岭 ] 杨村六花岗水库以东,花都,2室/3室/4室,建筑面积：142-166㎡,
风神公社,[ 花都 区府 ] 风神大道北、金钟水塘西南,花都,3室/4室,建筑面积：92-176㎡,
阳光雅居,[ 花都 区府 ] 迎宾大道（与大华三路交汇处）,花都,2室/3室,建筑面积：88-118㎡,
百合雅居,[ 花都 狮岭 ] 金狮大道西7号,花都,3室,建筑面积：90-120㎡,
澳景蓝庭,[ 花都 区府 ] 新华街迎宾大道西（旧云海阁旁）,花都,2室/3室,建筑面积：88.92-141.9㎡,
朗庭雅居,[ 花都 区府 ] 曙光路与宝华路交汇处,花都,3室/4室,建筑面积：160-180㎡,
天马河西岸,[ 花都 区府 ] 风神大道5号(风神大道与荔红路交界处),花都,2室/3室,建筑面积：75-112㎡,
泊岸君庭,[ 花都 区府 ] 新华街宝华路以南、天贵路以西田美河以...,花都,2室/3室,建筑面积：106-121㎡,
雅图奥园,[ 花都 新机场 ] 广花六路9号,花都,1室/2室/3室,建筑面积：89-247.95㎡,
新都雅居,[ 花都 区府 ] 新华街建设北路152号,花都,3室,建筑面积：97.53-128.22㎡,
合裕华亭,[ 花都 新机场 ] 花山镇两龙村106国道以东,花都,1室/2室/3室,建筑面积：30.28-118.92㎡,
芙蓉绿茵豪苑,[ 花都 新机场 ] 山前大道芙蓉段189号,花都,1室/2室/3室/4室,建筑面积：92-241.73㎡,
美力盈彩花苑,[ 花都 区府 ] 茶园路与梅花路交汇处,花都,3室/4室,建筑面积：131.03-157㎡,
鼎信四季花园,[ 花都 区府 ] 新华街建设北路杨屋路口,花都,3室,建筑面积：113.64-117㎡,
凯旋门,[ 花都 区府 ] 新华三东大道89号,花都,3室/4室,建筑面积：128-146㎡,
正盛广场,[ 花都 新机场 ] 山前大道芙蓉嶂旅游度假区内银湖湾，景...,花都,,建筑面积：148586㎡,
尚文轩,[ 花都 狮岭 ] 狮岭镇联合村金狮大道西以南、盘古路以...,花都,,建筑面积：10732㎡,
卓粤花园,[ 花都 区府 ] 新华街建设北路与平石西路以北交界,花都,,建筑面积：73413㎡,
家和春晓苑,[ 花都 狮岭 ] 杨屋二村,花都,,,
北优城,[ 花都 新机场 ] 金马北优城,花都,,建筑面积：374189㎡,
珠江花城,[ 天河 车陂 ] 岐山路183号,天河,2室/3室/4室/5室,建筑面积：65-143㎡,
市政尚塬颐都汇,[ 天河 天河北 ] 先烈东横路60号（星海音乐学院继续教育...,天河,商业,建筑面积：54-70㎡,19888
慧源山庄,[ 天河 植物园 ] 广州市天河区科韵路与华观路交汇处,天河,1室/2室/3室,建筑面积：52-128㎡,53000
华润天合商用,[ 天河 车陂 ] 大灵山路400号,天河,商业,建筑面积：37-54㎡,90
天麟府·瑧林,[ 天河 天河公园 ] 天河公园西侧天府路,天河,3室/4室,建筑面积：113-172㎡,105000
汇金东翼,[ 天河 车陂 ] 天河金融城黄埔大道中660号,天河,,建筑面积：163152㎡,45000
汇金中心,[ 天河 车陂 ] 黄埔大道与科韵路交界处国际金融城起步...,天河,商业,建筑面积：193-2388㎡,55000
天河星作,[ 天河 东圃 ] 合景路99号,天河,2室/3室/4室,建筑面积：58-124.2㎡,49000
兰亭盛荟,[ 天河 东圃 ] 明镜路与桃园西路交汇,天河,3室,建筑面积：103-133㎡,55000
远洋天骄广场,[ 天河 植物园 ] 元岗路68号,天河,商业,建筑面积：55-105㎡,20000
峻林,[ 天河 天河北 ] 林和东路261号,天河,4室/5室,建筑面积：290-307㎡,130000
宝兴翠园,[ 天河 东圃 ] 中山大道中1118号,天河,3室/4室,建筑面积：96-142㎡,50000
招商雍华府,[ 天河 东圃 ] 悦景路,天河,3室/4室/别墅,建筑面积：88-153㎡,800
富力盈凯广场,[ 天河 珠江新城 ] 珠江新城华夏路28号,天河,,建筑面积：170000㎡,
汇金中心写字楼,[ 天河 车陂 ] 黄埔大道与科韵路交界处国际金融城起步...,天河,,建筑面积：2319.61㎡,55000
保利天汇,[ 天河 东圃 ] 大观中路120号,天河,2室/3室,建筑面积：78-132㎡,
天河云商汇,[ 天河 植物园 ] 高唐路与软件路交界处,天河,商业,建筑面积：32-58㎡,28888
信达金茂广场,[ 天河 天河北 ] 广州大道北920号,天河,商业,建筑面积：46-92㎡,28000
富力盈通大厦,[ 天河 珠江新城 ] 华夏路30号,天河,,建筑面积：58.49-2020㎡,45000
尚东柏悦府,[ 天河 珠江新城 ] 花城大道,天河,3室/4室,建筑面积：430-437㎡,160000
新世界天逸,[ 天河 天河公园 ] 天府路31-33号,天河,3室/4室/5室,建筑面积：129-295㎡,90000
富力万科云启,[ 天河 车陂 ] 车陂北街,天河,3室/4室/商业,建筑面积：21-127㎡,32500
珠江东境花园,[ 天河 天河北 ] 科韵路,天河,4室,建筑面积：209-360㎡,100000
家和天曜,[ 天河 车陂 ] 大淋岗大街,天河,商业,建筑面积：44-82㎡,32000
汇悦台,[ 天河 珠江新城 ] 临江大道417-431号,天河,3室/4室/5室,建筑面积：236-437.33㎡,190000
帝景山庄,[ 天河 东圃 ] 悦景路,天河,别墅,建筑面积：430㎡,100000
天健汇,[ 天河 车陂 ] 车陂北路（天坤三路与健明四路交汇处）,天河,商业,建筑面积：36-68㎡,27000
天河星作商铺,[ 天河 东圃 ] 合景路99号,天河,,建筑面积：87987㎡,45000
汇美大厦,[ 天河 珠江新城 ] 金穗路3号,天河,,建筑面积：78413㎡,28000
君超中心,[ 天河 员村 ] 黄埔大道与科韵路交汇处,天河,,建筑面积：350000㎡,
珠光金融城壹号,[ 天河 员村 ] 黄埔大道东854号,天河,,建筑面积：530000㎡,
时代TIT广场,[ 天河 东圃 ] 东圃大马路1楼-6-3号,天河,,建筑面积：66725㎡,
佳兆业壹号,[ 天河 员村 ] 黄埔大道中505号,天河,3室,建筑面积：113.4-159.9㎡,80000
恒大珺睿,[ 天河 珠江新城 ] 马场路,天河,商业,建筑面积：94-102㎡,65000
天盈广场商铺,[ 天河 珠江新城 ] 兴民路222号,天河,,建筑面积：380㎡,2851
珠光新城御景二期商铺,[ 天河 珠江新城 ] 花城大道770号,天河,,建筑面积：13262㎡,70000
宏太智慧谷,[ 天河 智慧城 ] 广州市天河区思成路11-25号,天河,,建筑面积：50000㎡,
雅居乐中心,[ 天河 珠江新城 ] 华夏路26号,天河,,建筑面积：116052㎡,
创锦创业产业园,[ 天河 车陂 ] 科韵北路100-108号,天河,,建筑面积：18000㎡,30000
广州保利中心,[ 天河 珠江新城 ] 临江大道5号,天河,,建筑面积：83302㎡,
联泰•天河YOHO,[ 天河 天河北 ] 广州市天河区华观路中智慧城地铁站旁1...,天河,商业,建筑面积：25-65㎡,36000
汇金中心商铺,[ 天河 车陂 ] 黄埔大道与科韵路交界,天河,,建筑面积：5590㎡,25000
富力院士庭,[ 天河 天河北 ] 东莞庄路30-34、38号,天河,,建筑面积：46-7810㎡,14091
富力盈凯广场商铺,[ 天河 珠江新城 ] 华夏路16号,天河,,建筑面积：71.55-548.52㎡,102686
天河金街,[ 天河 天河北 ] 天河北路711-721号东方之珠花园负一层,天河,,建筑面积：10000㎡,100000
合景悦峰,[ 天河 车陂 ] 黄埔大道中660号,天河,商业,建筑面积：43-78㎡,40000
凯华国际中心,[ 天河 珠江新城 ] 冼村路5号,天河,,建筑面积：150000㎡,
保利V座,[ 天河 珠江新城 ] 天河区珠江新城冼村路11号,天河,,建筑面积：206274㎡,
天河棠下智汇Park,[ 天河 天河公园 ] 广园东路博汇街6号,天河,,,
富力中心,[ 天河 珠江新城 ] 华夏路10号,天河,,建筑面积：162477㎡,
大疆金融城大厦,[ 天河 车陂 ] 大塘工业区4号,天河,,建筑面积：190000㎡,
伟腾大厦,[ 天河 珠江新城 ] 黄埔大道西662号,天河,,建筑面积：95963㎡,
远洋天骄广场商铺,[ 天河 植物园 ] 元岗路68号,天河,,建筑面积：223334㎡,17000
广晟国际大厦,[ 天河 珠江新城 ] 珠江西路17号,天河,,建筑面积：160000㎡,
君御雅苑,[ 天河 珠江新城 ] 兴盛路6号,天河,1室/2室/3室/4室,建筑面积：38-197㎡,2000
珠光新城御景二期,[ 天河 珠江新城 ] 花城大道766号,天河,3室/4室,建筑面积：119-153㎡,95000
跑马地大厦,[ 天河 珠江新城 ] 天河潭村路350号,天河,,建筑面积：58㎡,54000
广州东塔,[ 天河 珠江新城 ] 天河珠江新城花城大道以南、珠江大道以...,天河,,建筑面积：360000㎡,
合生骏景广场,[ 天河 车陂 ] 中山大道西1138号,天河,商业,建筑面积：44.57-107㎡,43000
中惠睿元,[ 天河 天河北 ] 天盈路,天河,别墅,建筑面积：135-208㎡,800
圣丰广场,[ 天河 天河北 ] 广州大道中988号,天河,,建筑面积：155699㎡,
A8商务中心,[ 天河 天河北 ] 广州大道中988号,天河,,建筑面积：260000㎡,
江源半岛花园,[ 天河 车陂 ] 车陂路,天河,2室/3室/4室,建筑面积：70-256.25㎡,85000
博雅首府,[ 天河 珠江新城 ] 兴民路160号,天河,3室/4室/5室/6室/7室,建筑面积：191-608㎡,120000
九洲海誉居,[ 天河 天河北 ] 东莞庄路120号,天河,2室/3室/4室,建筑面积：83-192㎡,85000
珠江新城西塔,[ 天河 珠江新城 ] 珠江西路,天河,,,
远晖商厦,[ 天河 天河北 ] 天河北路423号,天河,,建筑面积：12118㎡,
龙湖首开天宸原著,[ 天河 车陂 ] 悦景路,天河,3室/4室,建筑面积：97-144㎡,
观山苑,[ 天河 天河北 ] 粤垦路观峰北街8号,天河,1室/2室/3室/4室,建筑面积：40-152㎡,
金地天河公馆,[ 天河 东圃 ] 大灵山路,天河,3室/4室,建筑面积：86-163㎡,
天銮,[ 天河 珠江新城 ] 猎德,天河,4室,建筑面积：211.9-264.3㎡,
瑞安创逸,[ 天河 天河北 ] 天河北路与天科路交汇处（光大银行大厦...,天河,1室/2室/4室,建筑面积：80-151㎡,
君临国际公寓,[ 天河 天河北 ] 天河路230、232号（正佳广场东侧）,天河,1室/2室,建筑面积：47-138㎡,
保利中达广场,[ 天河 珠江新城 ] 兴民路221号,天河,1室/2室/3室,建筑面积：60-117㎡,
中兴花园二期,[ 天河 东圃 ] 中山大道中1080号,天河,2室/3室/4室,建筑面积：82.53-134㎡,
VILI威尼国际公寓,[ 天河 天河北 ] 天河广州火车站东站旁西侧,天河,1室/2室,建筑面积：87.84-100㎡,
银汇华庭,[ 天河 天河北 ] 龙怡路113号（地铁华师站E出口）,天河,1室/2室,建筑面积：58-75㎡,
寰城海航广场,[ 天河 天河北 ] 天河北路与林和东路交界处（广州市天河...,天河,商业,建筑面积：99-254㎡,
珠光公园御景,[ 天河 天河公园 ] 公园西门西侧,天河,4室,建筑面积：210-290㎡,
越秀・星汇御府,[ 天河 珠江新城 ] 海业路6号,天河,,建筑面积：34907㎡,72000
南国公馆,[ 天河 珠江新城 ] 黄埔大道西和海乐路交界,天河,2室/3室/6室,建筑面积：107-226㎡,46000
佳润上品菁园,[ 天河 东圃 ] 中山大道中438号（羊城花园南侧）,天河,1室/2室/3室/4室,建筑面积：47-125㎡,
佳润临江上品,[ 天河 员村 ] 临江大道681-683号（科韵路临江大道交...,天河,1室/2室/3室,建筑面积：42-124㎡,
保利中汇广场,[ 天河 天河北 ] 林和西路(火车东站东侧),天河,1室/2室,建筑面积：67.24-1803㎡,
中铁盛德国际公寓,[ 天河 珠江新城 ] 黄埔大道西365、367、369号,天河,1室/2室/3室,建筑面积：64-144㎡,
富力国际公馆,[ 天河 珠江新城 ] 马场路16号,天河,3室,建筑面积：150-157㎡,
理想青年荟,[ 天河 天河公园 ] 天河区东方三路35号（天河公园西门直入...,天河,1室,建筑面积：42-74㎡,
珠光新城国际,[ 天河 珠江新城 ] 马场路庆亿街3号珠光新城国际中心,天河,1室,建筑面积：37-49㎡,
天河新天地,[ 天河 植物园 ] 天源路（地铁天河客运站A出口）,天河,商业,建筑面积：38㎡,
珠控国际中心,[ 天河 珠江新城 ] 华强路1号（广州大道与黄埔大道交界处...,天河,,建筑面积：2202㎡,
越秀城建珠江新城D8-2地块,[ 天河 珠江新城 ] 天河珠江新城海业路与金穗路交界,天河,,建筑面积：22514㎡,
新城市领秀,[ 天河 天河公园 ] 跑马场东潭村路400-428号,天河,,建筑面积：30000㎡,
方圆时光,[ 天河 员村 ] 中山大道科韵路33-49号信息港大厦西侧,天河,,建筑面积：56000㎡,
嘉裕公馆,[ 天河 珠江新城 ] 花城大道80号（环美家居旁）,天河,3室/4室,建筑面积：118.89-198.7㎡,55000
宝翠园,[ 天河 植物园 ] 宝翠路4-6号（华南植物园对面）,天河,2室/3室/4室/5室,建筑面积：85-180㎡,
力达广场,[ 天河 天河北 ] 粤垦路619号,天河,商业,建筑面积：50-50㎡,
粤海丽江花园,[ 天河 珠江新城 ] 珠江新城金穗路6、77、79号（珠江公园...,天河,4室/5室,建筑面积：220-280㎡,
正佳万豪金殿,[ 天河 天河北 ] 天河路208号,天河,1室/3室,建筑面积：61-149.82㎡,
翰林8090HOUSE,[ 天河 植物园 ] 长兴路与天源路交界路口（华南快速干线...,天河,1室/2室/3室,建筑面积：44-85.41㎡,
兰亭荟,[ 天河 珠江新城 ] 跑马场东侧,天河,2室/3室,建筑面积：82.44-119.47㎡,
美林湖誉府,[ 天河 车陂 ] 中山大道与桃园西路交汇处,天河,3室/4室,建筑面积：91-165㎡,
财富世纪广场,[ 天河 珠江新城 ] 海安路13号,天河,1室/2室,建筑面积：98.76-101.34㎡,
阳光假日园,[ 天河 车陂 ] 泰安南路98号,天河,2室/3室,建筑面积：77-91㎡,
合景睿峰L7,[ 天河 珠江新城 ] 海乐路12号,天河,3室/4室,建筑面积：110.38-154.52㎡,
橡树园,[ 天河 天河北 ] 天河区沙太南路316号,天河,3室,建筑面积：140.41㎡,
珠江马赛国际商务中心,[ 天河 珠江新城 ] 潭村路（跑马场东侧）,天河,,建筑面积：38794㎡,
富力天禧花园,[ 天河 车陂 ] 中山大道中与车陂路交界的东北方向的车...,天河,2室/3室/4室,建筑面积：78-168㎡,
珠江颐德公馆,[ 天河 珠江新城 ] 花城大道,天河,,建筑面积：130000㎡,150000
华景里,[ 天河 天河公园 ] 华景东路信华花园北侧（华景公交车场南...,天河,1室/3室/4室/5室,建筑面积：45-188㎡,35000
天荟公馆,[ 天河 天河公园 ] 黄埔大道中288号之一,天河,2室/3室/4室,建筑面积：81-196㎡,67000
佛奥广场,[ 天河 珠江新城 ] 华穗路与金穗路交汇处,天河,商业,建筑面积：30-104㎡,68000
珠光御景骏庭,[ 天河 东圃 ] 东圃东湖工业区南侧,天河,2室/3室,建筑面积：83-118㎡,
凯旋新世界,[ 天河 珠江新城 ] 花城大道（珠江公园南门对面）,天河,2室/3室/4室/5室,建筑面积：78.95-300㎡,
天健上城,[ 天河 车陂 ] 天坤三路,天河,,建筑面积：230000㎡,26000
嘉裕君玥公馆,[ 天河 珠江新城 ] 珠江新城花城大道39号,天河,3室/5室,建筑面积：157-180㎡,
汇景新城,[ 天河 天河北 ] 广园东路五山路回旋处,天河,3室/4室/5室,建筑面积：167-470㎡,
东方新世界,[ 天河 天河公园 ] 中山大道西158号（天河公园与天河区政...,天河,2室/3室/5室/6室,建筑面积：69-300㎡,
名悦,[ 天河 珠江新城 ] 西区华成路2号（南方日报社对面），西...,天河,4室/5室,建筑面积：148-273㎡,
方圆E时光,[ 天河 天河公园 ] 广州信息港（网易旁边）,天河,1室/2室,建筑面积：36-68㎡,
旭日雅苑幸福里,[ 天河 员村 ] 一横路员村西街4号大院旭日雅苑A栋,天河,2室/3室,建筑面积：80.96-136.56㎡,
保利中辰广场,[ 天河 天河北 ] 龙口西路1号,天河,1室/2室/3室,建筑面积：42-120㎡,
睿山,[ 天河 天河北 ] 五山路中段茶山路（五山小学旁边）,天河,3室/4室,建筑面积：99-196㎡,
富力公园28,[ 天河 珠江新城 ] 马场路28号,天河,3室/4室,建筑面积：160-273.36㎡,
嘉裕丹顿阳光,[ 天河 珠江新城 ] 珠江新城海安路2号,天河,2室/3室/4室,建筑面积：72.34-197㎡,
力迅T,[ 天河 天河公园 ] 翠湖山庄内（翠华路西侧、黄埔大道中以...,天河,1室/2室/3室,建筑面积：41.14-126.61㎡,
星汇云锦,[ 天河 珠江新城 ] 珠江新城华明路（东西商业轴线与广州大...,天河,3室/4室/6室/7室,建筑面积：194-734㎡,
中海花城1号,[ 天河 珠江新城 ] 花城大道与猎德路交汇处西南,天河,2室/4室,建筑面积：86-175㎡,
嘉尚国际公寓,[ 天河 天河北 ] 林和东路沾益直街89、91、93号,天河,1室/2室,建筑面积：30-60㎡,
朱美拉公寓,[ 天河 珠江新城 ] 冼村路16号,天河,2室/3室,建筑面积：68.06-203.47㎡,
易丰大厦,[ 天河 天河公园 ] 黄埔大道中翠园街6、8号，8号之一、8号...,天河,1室/2室/3室,建筑面积：42-109㎡,
翰林二期8090HOUSE,[ 天河 植物园 ] 长兴路与天源路交界,天河,3室,建筑面积：85㎡,
方圆月岛,[ 天河 珠江新城 ] 花城大道55号、兴国路27号（兴国路与花...,天河,3室/4室/5室,建筑面积：220-350㎡,
天盈广场,[ 天河 珠江新城 ] 兴民路222号,天河,,建筑面积：159-527㎡,65000
金融城绿地中心,[ 天河 车陂 ] 黄埔大道662号（科韵路地铁站B出口东行...,天河,,建筑面积：134-609㎡,34000
保利克洛维,[ 天河 珠江新城 ] 天河广州珠江新城华强路和华穗路交界处...,天河,,建筑面积：50㎡,36000
丽柏国际公寓,[ 天河 天河北 ] 广州天河区龙口东路龙口横街,天河,1室/2室,建筑面积：35-115㎡,
海誉居,[ 天河 天河北 ] 九洲文化家园内，东莞庄路以东省农科院...,天河,,,
星汇御府,[ 天河 珠江新城 ] 海业路,天河,5室/8室,建筑面积：335-666㎡,
保利金融大都汇,[ 天河 车陂 ] 黄埔大道中666号,天河,商业,建筑面积：50-107㎡,45000
环球都会广场,[ 天河 珠江新城 ] 花城大道68号,天河,,建筑面积：180000㎡,
亿泉尚园,[ 天河 天河北 ] 天河北路时代广场南侧20米,天河,3室/4室,建筑面积：138.39-188.83㎡,
天河豪景,[ 天河 天河北 ] 广州大道北52号(沙太路旁),天河,2室/3室/4室,建筑面积：70.22-129.31㎡,
翠屏领东天河,[ 天河 东圃 ] 天河区中山大道中珠村东环路21号,天河,1室/2室/3室,建筑面积：56.6-117㎡,
广海花园美筑,[ 天河 天河公园 ] 中山大道与科韵路交汇处,天河,3室,建筑面积：73-91㎡,
万科云,[ 天河 东圃 ] 华观路与高唐路交汇处,天河,,建筑面积：83000㎡,
万科·喜悦里,[ 白云 三元里 ] 三元里大道亚朵酒店对面（距离2号线三...,白云,,建筑面积：22400㎡,
佳兆业天墅,[ 白云 广州大道北 ] 同宝路8号,白云,4室,建筑面积：97-261.58㎡,75000
品实云湖花城,[ 白云 石井 ] 石沙路地铁8号线亭岗站（在建中）旁,白云,3室/4室/5室/6室,建筑面积：70-140㎡,40000
万科金域悦府,[ 白云 同德围 ] 环市西板块西湾路（在建中8号线鹅掌坦...,白云,3室/4室,建筑面积：95-140㎡,
时代龙湖云来之城,[ 白云 人和 ] 人和镇江人三路南,白云,3室/4室,建筑面积：88-152㎡,34000
首开龙湖·天奕,[ 白云 白云大道 ] 云城西路,白云,3室/4室,建筑面积：189-242㎡,100000
金地仰云,[ 白云 机场路 ] 白云新城西棠乐路（百信广场旁）,白云,4室,建筑面积：125-136㎡,55000
越秀·星汇云城,[ 白云 广州大道北 ] 同宝路163号（同和地铁 D 出口/华快沙...,白云,2室/3室/4室,建筑面积：78-120㎡,42000
龙湖招商·天鉅,[ 白云 白云大道 ] 白云新城黄石西路601号,白云,3室/4室,建筑面积：85-122㎡,55000
元邦明月翡翠,[ 白云 机场路 ] 规划中12号线南航新村站旁,白云,1室/2室/3室,建筑面积：40-78㎡,43000
天健云山府,[ 白云 白云大道 ] 白云新城白云大道南397号,白云,3室/4室,建筑面积：75.6-144.1㎡,66000
万科未来森林,[ 白云 机场路 ] 黄石西路小坪立交引桥位置,白云,3室/4室,建筑面积：80-95㎡,53000
建发九龙仓央玺,[ 白云 石井 ] 广州市白云区石潭路568号,白云,2室/3室/4室,建筑面积：98-128㎡,43000
广州城投保利金沙大都汇,[ 白云 金沙洲 ] 白云区金沙洲沙贝地铁站A口右转100米,白云,商业,建筑面积：48-84㎡,26000
花生大厦,[ 白云 太和 ] 民营科技园科园路13号（近太和地铁站，...,白云,商业,建筑面积：40-66㎡,15000
伟腾云星,[ 白云 白云大道 ] 鹤龙一路766-782号,白云,2室/3室,建筑面积：77-128㎡,42000
中铁诺德·阅泷,[ 白云 广花路 ] 广花一级公路430号（规划地铁8/24号线...,白云,2室/3室,建筑面积：80-120㎡,31000
合景朗云花园,[ 白云 广花路 ] 广花一路,白云,4室,建筑面积：93-121㎡,43000
顺景花园星悦轩,[ 白云 罗冲围 ] 石井镇黄石路111号,白云,2室/3室,建筑面积：74.48-102.42㎡,39000
纵横揽云,[ 白云 机场路 ] 佳园街37-45号（单）,白云,2室/3室,建筑面积：79.56-95.63㎡,43000
保利阅云台,[ 白云 三元里 ] 三元里大道以北（智慧少年宫旁）,白云,3室/4室,建筑面积：79-110㎡,50000
保利珑玥公馆,[ 白云 钟落潭 ] 广从七路钟落潭地铁A出口500米,白云,3室/4室,建筑面积：83-102㎡,
荣升珑樾,[ 白云 广州大道北 ] 蟹石路2-38号（双号）,白云,2室/3室/4室,建筑面积：67-120㎡,45000
华润置地·广州润府,[ 白云 白云大道 ] 均禾大道与鹤龙二路交汇处,白云,4室/5室,建筑面积：105-133㎡,40000
新世界云逸,[ 白云 白云大道 ] 白云新城2、3、14号线嘉禾望岗地铁枢纽...,白云,3室/4室,建筑面积：77.16-180㎡,55000
绿地云央,[ 白云 机场路 ] 草塘路(科兴路民科园北门),白云,3室/4室,建筑面积：98-138㎡,27000
流溪半岛,[ 白云 人和 ] 江人三路1010-1018号,白云,2室/3室,建筑面积：92-123㎡,25000
云山壹品,[ 白云 白云大道 ] 白云白云区白云大道南金信路,白云,1室/3室/4室,建筑面积：61-189㎡,60000
新天半山墅,[ 白云 南湖 ] 广州大道北,白云,4室/别墅,建筑面积：271-445㎡,3800
保利紫云,[ 白云 白云大道 ] 西苑路,白云,2室/3室,建筑面积：86-106.86㎡,43000
君立国际公寓,[ 白云 广州大道北 ] 广州大道北同和路318号,白云,商业,建筑面积：37-58㎡,31000
恒大御府,[ 白云 广州大道北 ] 怡新路,白云,2室/3室/4室,建筑面积：69-180㎡,52000
华远·雲和墅,[ 白云 白云大道 ] 白云大道北大一大街23号,白云,别墅,建筑面积：184-236㎡,90000
白云之窗（写字楼）,[ 白云 白云大道 ] 云城东路555号,白云,,建筑面积：1394-1400㎡,
龙光玖誉府,[ 白云 广花路 ] 江高镇江府路（江高镇人民政府旁）,白云,,建筑面积：95443㎡,
富力城花园商铺,[ 白云 广花路 ] 平沙大道华灯街,白云,,建筑面积：1287.52㎡,13099
白云之窗,[ 白云 白云大道 ] 云城东路555号,白云,商业,建筑面积：119-320㎡,
广州佳兆业白云城市广场,[ 白云 机场路 ] 黄石西路,白云,,建筑面积：1620000㎡,
金湖花园,[ 白云 广州大道北 ] 沙太北路938号（华快三期沙太路出口）,白云,,建筑面积：35177㎡,
广州嘉禾金铂天地,[ 白云 白云大道 ] 望岗鹤龙二路333号,白云,,建筑面积：120000㎡,
三元里中心,[ 白云 机场路 ] 机场路33号,白云,,建筑面积：177000㎡,
绿地汇创国际,[ 白云 机场路 ] 北太路民营科技园科强路,白云,商业,建筑面积：35-252㎡,15000
富力金街28,[ 白云 金沙洲 ] 金沙洲环洲三路与沙凤一路交汇处（金沙...,白云,,建筑面积：215-334㎡,14200
海航白云YH城,[ 白云 机场路 ] 白云嘉禾街道106国道,白云,,建筑面积：100000㎡,
敏捷科创中心,[ 白云 机场路 ] 北太路,白云,商业,建筑面积：55-55㎡,16000
珠光云山壹号,[ 白云 广州大道北 ] 广州军区157医院地块,白云,,建筑面积：70055㎡,
星汇金沙,[ 白云 金沙洲 ] 金沙洲西南面，万科idea爱地住区南侧,白云,2室/3室/4室/别墅,建筑面积：98-240㎡,40000
保利云禧,[ 白云 白云大道 ] 云城东路以西，齐富路以北,白云,3室/4室/5室,建筑面积：140-380㎡,65000
御金沙,[ 白云 金沙洲 ] 浔峰山东路(地铁六号线首发站浔峰岗站...,白云,,建筑面积：450000㎡,1400
一品湖山,[ 白云 广州大道北 ] 同和路688号,白云,2室/3室/4室/5室,建筑面积：93-187㎡,32000
佳兆业天御,[ 白云 广州大道北 ] 沙太路20号,白云,3室/4室,建筑面积：93-128㎡,61000
凯云新世界,[ 白云 白云大道 ] 新城岭南新世界岭云路,白云,3室/5室,建筑面积：134-240㎡,36000
颐和大院,[ 白云 白云大道 ] 同泰路,白云,别墅,建筑面积：718-775㎡,45000
金湖翡翠山,[ 白云 广州大道北 ] 沙太北路938号（广州大道北直行3公里，...,白云,别墅,建筑面积：250-256㎡,55000
保利瓏熙,[ 白云 罗冲围 ] 罗冲围松鹤街（罗冲围客运站侧）,白云,2室/3室/4室,建筑面积：73-141㎡,24000
白云新世界,[ 白云 白云大道 ] 北1689号,白云,2室/3室/4室,建筑面积：85-144㎡,
时代花生II,[ 白云 南湖 ] 广州大道北同和东坑蟾蜍石北路（同和地...,白云,3室/5室,建筑面积：85-123㎡,
穗和城,[ 白云 机场路 ] 人和镇人和大马路（106国道）与方华路...,白云,2室/3室,建筑面积：90-122㎡,
白云尚城,[ 白云 白云大道 ] 黄石北路137-157号,白云,2室/3室/4室,建筑面积：85-156㎡,
都市品格,[ 白云 白云大道 ] 鹤龙一路521—553号（广州市司法学校对...,白云,1室/2室/3室/4室/5室,建筑面积：40.5-181.74㎡,
中海云麓公馆,[ 白云 机场路 ] 新城云城西路地段,白云,3室/4室,建筑面积：210-269㎡,
尚境雅筑,[ 白云 罗冲围 ] 增槎路松南北街2-18号,白云,2室/3室,建筑面积：69-112㎡,
广百新城邦项目,[ 白云 三元里 ] 白云机场路与三元里大道交界处,白云,,建筑面积：52446㎡,
万科峯境,[ 白云 白云大道 ] 白云大道南339号,白云,,建筑面积：130000㎡,30000
深业江悦湾,[ 白云 金沙洲 ] 彩滨北路,白云,2室/3室/4室,建筑面积：78.7-191.14㎡,25000
颐和高尔夫庄园,[ 白云 南湖 ] 华南快速路,白云,别墅,建筑面积：90-739㎡,55000
正升雅境,[ 白云 三元里 ] 三元里大道963号,白云,1室/2室/3室,建筑面积：46-146.5㎡,23000
金沙山海名门,[ 白云 金沙洲 ] 里广路2号,白云,商业,建筑面积：50㎡,22000
绿地时代云都汇,[ 白云 白云大道 ] 黄园路123号,白云,,建筑面积：59286㎡,30000
佳润云凯雅寓,[ 白云 广州大道北 ] 同和地铁站北行200米,白云,商业,建筑面积：41-85㎡,21000
广州华发四季,[ 白云 白云大道 ] 集贤庄集贤小学附近,白云,4室/5室,建筑面积：144-260㎡,
易通四方大厦,[ 白云 白云大道 ] 科颖路16号（广州民营科技园园区内）,白云,商业,建筑面积：48.05-114㎡,
白云堡豪苑,[ 白云 白云大道 ] 嘉禾白云堡道一号,白云,3室/5室,建筑面积：230-295㎡,45000
珠江岭南苑,[ 白云 白云大道 ] 云城东路,白云,5室,建筑面积：381㎡,100000
宏鼎云璟汇,[ 白云 白云大道 ] 白云区云城东路559-571号,白云,商业,建筑面积：62-100㎡,50000
敏捷花城里,[ 白云 金沙洲 ] 浔峰洲路（四季花城南门，广佛高速泌冲...,白云,2室/3室,建筑面积：72-102㎡,10000
保利西海岸,[ 白云 金沙洲 ] 彩滨北路,白云,2室/3室/4室/5室,建筑面积：67-188㎡,
星云轩,[ 白云 机场路 ] 顺兴路1号,白云,2室/3室,建筑面积：82-121㎡,
新世界嘉云府,[ 白云 白云大道 ] 白云大道北1689号（白云堡豪苑对面）,白云,别墅,建筑面积：163-240㎡,26000
元邦明月金岸,[ 白云 金沙洲 ] 石井镇横沙村广佛路段，靠近城西花园,白云,2室/3室/4室/5室,建筑面积：84.16-166.96㎡,
卡布奇诺,[ 白云 南湖 ] 华远厂路段,白云,1室/3室/4室,建筑面积：22.59-146.38㎡,
圣地天河星荟,[ 白云 广州大道北 ] 京溪路70号,白云,2室/3室/5室,建筑面积：81-182㎡,
臻品云山,[ 白云 白云大道 ] 福泰西路80号-102号,白云,2室/3室,建筑面积：70-90㎡,
顺丰翠园,[ 白云 罗冲围 ] 石井兆丰路168号,白云,2室/3室,建筑面积：74-97㎡,
祥景花园,[ 白云 白云大道 ] 白云区黄石东路北侧，江景路东侧,白云,3室/4室,建筑面积：103-164㎡,
圣地摩坊公馆,[ 白云 广州大道北 ] 广州大道北京溪梅岗路5号,白云,1室/3室,建筑面积：47.02-107㎡,
柏林半山雅墅,[ 白云 白云大道 ] 白云白云山风景区东麓（云祥路地王南面...,白云,,建筑面积：128148㎡,
中海金沙熙岸,[ 白云 金沙洲 ] 大桥以南建设大道,白云,,建筑面积：410000㎡,
东湖映月,[ 白云 白云大道 ] 南村龙河西路,白云,别墅,建筑面积：171.04-217.89㎡,37000
岭南新世界,[ 白云 白云大道 ] 1689号（白云堡立交对面）,白云,2室/3室/4室,建筑面积：80-180㎡,
山水庭苑,[ 白云 南湖 ] 南湖同和路828号,白云,3室,建筑面积：120-139㎡,30000
百信广场,[ 白云 机场路 ] 棠乐路,白云,商业,建筑面积：38-73㎡,
云山名都,[ 白云 三元里 ] 三元里大道北与机场路交汇处,白云,2室/3室,建筑面积：81-139㎡,
骏御华庭,[ 白云 三元里 ] 三元里大道与机场路交汇（广百电器城旁...,白云,1室/2室/3室,建筑面积：31-122㎡,
倚绿山庄尚院,[ 白云 广州大道北 ] 同泰路倚绿东街,白云,2室/3室/4室,建筑面积：101-148㎡,24000
中海金沙湾,[ 白云 金沙洲 ] 大桥以南建设大道1号,白云,2室/3室/4室,建筑面积：70-155.95㎡,
时代糖果,[ 白云 金沙洲 ] 里横路糖果社区二期,白云,2室/3室/4室/别墅,建筑面积：77-286㎡,
秀山一品,[ 白云 三元里 ] 走马岗路25号,白云,2室/3室/4室/别墅,建筑面积：95.11-224.16㎡,
托斯卡纳mini home,[ 白云 白云大道 ] 白云区白云堡立交北行1公里,白云,1室/2室,建筑面积：45-89.7㎡,
美景国际公寓,[ 白云 三元里 ] 白云区 远景路西段 距离三元里大道约1...,白云,1室/2室/3室,建筑面积：38-152㎡,
万科idea爱地住区,[ 白云 金沙洲 ] 6号线始发浔峰岗站旁,白云,2室,建筑面积：60㎡,
邦华翠悦湾,[ 白云 罗冲围 ] 同康路子嘉街2号,白云,2室/4室,建筑面积：69.99-116.57㎡,
万科天河御品,[ 白云 广州大道北 ] 广州大道北京溪路东行300米,白云,2室/3室,建筑面积：78-126㎡,
云岭雅筑,[ 白云 白云大道 ] 南富悦街37号-59号,白云,2室,建筑面积：75㎡,
花城金沙汇,[ 白云 金沙洲 ] 地铁6号线横沙站B出口,白云,,建筑面积：15㎡,50000
方圆白云时光,[ 白云 机场路 ] 机场路白云区法院旁,白云,1室/2室,建筑面积：70-140㎡,
越秀天悦江湾,[ 海珠 南洲 ] 南洲路1026号,海珠,3室/4室,建筑面积：102-140㎡,80000
金融街融御,[ 海珠 工业大道 ] 石岗路12号,海珠,3室/4室,建筑面积：130-135㎡,60000
星汇海珠湾,[ 海珠 江燕路 ] 广纸路40号,海珠,商业,建筑面积：61-93㎡,30500
恒大金碧花园,[ 海珠 工业大道 ] 工业大道南,海珠,3室,建筑面积：91-132㎡,52000
华发江南府,[ 海珠 宝岗 ] 广州市海珠区宝岗大道中不动产交易中心...,海珠,4室,建筑面积：127-143㎡,63000
珠江壹号,[ 海珠 广州大道南 ] 海珠逸景路353号,海珠,,建筑面积：310000㎡,42000
紫星华府,[ 海珠 广州大道南 ] 广州大道南430号,海珠,,建筑面积：22338㎡,
世茂珠江天鹅湾,[ 海珠 宝岗 ] 革新路126号太古仓旁,海珠,4室,建筑面积：235-290㎡,100000
绿地越秀海玥,[ 海珠 工业大道 ] 南边路,海珠,2室/3室/4室,建筑面积：42-125㎡,53000
天誉半岛花园,[ 海珠 滨江 ] 同福西路40号,海珠,4室/5室,建筑面积：206-440㎡,120000
侨建HI·CITY,[ 海珠 南洲 ] 南洲路156号（南洲地铁站旁）,海珠,商业,建筑面积：56-99㎡,45000
合生广场,[ 海珠 广州大道南 ] 广州大道南249号,海珠,商业,建筑面积：43-103㎡,
珠江国际公馆,[ 海珠 广州大道南 ] 逸景路（中大商圈内）,海珠,商业,建筑面积：47-90㎡,35000
海珠半岛花园三期,[ 海珠 滨江 ] 滨江东路37号,海珠,4室,建筑面积：280-315㎡,110000
珠江帝景紫龙府,[ 海珠 赤岗 ] 艺洲路602号（广州塔东300米）,海珠,4室,建筑面积：188-189㎡,88000
中海观澜府,[ 海珠 南洲 ] 工业大道南侧环岛路海珠艺术创意园西,海珠,,建筑面积：147000㎡,
中冶名捷广场,[ 海珠 江燕路 ] 燕翔路和江燕路交界处（万宝大厦旁）,海珠,,建筑面积：74458㎡,
TIT创意园,[ 海珠 赤岗 ] 新港中路397号,海珠,,建筑面积：55000㎡,
中冶·逸璟公馆,[ 海珠 江燕路 ] 宝岗大道和江燕路交界处（万宝大厦旁）,海珠,,建筑面积：11174㎡,5000
滨江一号,[ 海珠 滨江 ] 洪德路2-6号新世纪商贸中心1-7层,海珠,商业,建筑面积：23-52㎡,
雅居乐海珠小雅K18,[ 海珠 工业大道 ] 广纸新城（地铁燕岗站）石岗路18号,海珠,,建筑面积：47-48㎡,35000
海珠万达广场,[ 海珠 广州大道南 ] 海珠区逸景路238号,海珠,,建筑面积：200000㎡,
国美·智慧城,[ 海珠 琶洲 ] 广州市海珠琶洲国美·智慧城,海珠,,建筑面积：240000㎡,
广东现代广告创意中心,[ 海珠 江南西 ] 昌岗东路257号,海珠,,建筑面积：56937㎡,
富力壹號半岛,[ 海珠 琶洲 ] 新港东路玥珑街1号（黄埔村牌坊北面）,海珠,商业,建筑面积：281-328㎡,90000
雅居乐海珠小雅,[ 海珠 工业大道 ] 石岗路18号,海珠,2室/3室/4室,建筑面积：74-114㎡,57000
泊雅湾,[ 海珠 赤岗 ] 艺苑路207号,海珠,2室/3室/4室,建筑面积：84.1-222㎡,82500
鸣翠花园·江悦,[ 海珠 工业大道 ] 新溪路25号,海珠,2室/3室,建筑面积：69-114㎡,52000
广昊大厦,[ 海珠 工业大道 ] 工业大道北110号,海珠,,建筑面积：84264㎡,
富力天域中心,[ 海珠 江南西 ] 海珠广州市海珠区江南大道与江南西路交...,海珠,,建筑面积：130000㎡,
珠江佳滨苑,[ 海珠 东晓 ] 海印桥南东晓路100号,海珠,2室/3室/4室,建筑面积：80-143㎡,60000
富基广场,[ 海珠 江南西 ] 小港路163号,海珠,2室/3室/4室,建筑面积：95-184㎡,42000
南洲汇,[ 海珠 南洲 ] 南洲路38号,海珠,,建筑面积：101190㎡,
罗马家园,[ 海珠 南洲 ] 南洲路88号,海珠,1室/3室/4室/5室,建筑面积：49-240㎡,47000
新城国际寓,[ 海珠 工业大道 ] 江南大道南与工业大道南交汇（第一金碧...,海珠,商业,建筑面积：37-97㎡,217
琶洲壹號,[ 海珠 琶洲 ] 新港东路2348号（万胜围地铁站沿新港东...,海珠,别墅,建筑面积：325-648㎡,12000
丽海雅居,[ 海珠 滨江 ] 滨江中路东沙街28号至38号（仲恺农学院...,海珠,2室/3室,建筑面积：85.03-135.46㎡,
鸿益华府,[ 海珠 工业大道 ] 新业路51号,海珠,2室/3室,建筑面积：82-98㎡,48000
珠江御景湾,[ 海珠 南洲 ] 华南快速干线瀛洲生态园珠江御景湾（即...,海珠,4室/5室/7室/9室,建筑面积：158.74-331.75㎡,
翠屏瀚宇贵都二期,[ 海珠 宝岗 ] 宝岗大道与南田路交界（电车总站南侧5...,海珠,3室/4室,建筑面积：88-140㎡,34000
保利世贸公寓,[ 海珠 赤岗 ] 新港东路1000号,海珠,1室/3室,建筑面积：74-156㎡,
中海锦榕湾,[ 海珠 工业大道 ] 水榕路112号至166号,海珠,2室,建筑面积：100.66-122.87㎡,
万科派,[ 海珠 江南西 ] 海珠江泰路站C出口上盖江南大道与江燕...,海珠,商业,建筑面积：48-73㎡,
星品,[ 海珠 赤岗 ] 新港东路北侧磨碟沙路东侧地段,海珠,2室/3室,建筑面积：89.24-110.95㎡,31726
利海假日轩,[ 海珠 赤岗 ] 赤岗东路赤岗中学对面（地铁2号线赤岗...,海珠,2室/3室,建筑面积：73-101㎡,
可逸家园,[ 海珠 江南西 ] 青柳大街,海珠,3室,建筑面积：98-106㎡,
信达阳光海岸,[ 海珠 滨江 ] 下渡路信泰街1—9号（滨江东路）,海珠,5室,建筑面积：277.87-290.78㎡,
星御翠园,[ 海珠 江南西 ] 凤康路135-167号（单号），星御街2-28...,海珠,1室/2室,建筑面积：38-47㎡,
花季华庭,[ 海珠 赤岗 ] 江海大道紫菀一路60号,海珠,2室/3室,建筑面积：94-144㎡,
创富商务公馆,[ 海珠 工业大道 ] 海珠广州市海珠区江晓路21-31号,海珠,,建筑面积：2846㎡,
江山国际,[ 海珠 琶洲 ] 新港东路48号（万胜围地铁B出口）,海珠,3室/4室,建筑面积：162-184㎡,47000
万科峯汇,[ 海珠 滨江 ] 同福西路169-209号北侧（人民桥脚）,海珠,1室/2室,建筑面积：40-115㎡,30000
领江壹号,[ 海珠 赤岗 ] 广州大道原收费站东侧、广东教育学院北...,海珠,2室/3室/4室,建筑面积：116-202㎡,
凤乐雅轩,[ 海珠 工业大道 ] 革新路凤安街85号,海珠,2室/3室/5室/7室,建筑面积：92-431㎡,
新一城广场,[ 海珠 宝岗 ] 宝业路1号,海珠,2室/3室/4室,建筑面积：75-140㎡,36000
邦华环球贸易中心,[ 海珠 琶洲 ] 新港东路148号（磨碟沙站）,海珠,商业,建筑面积：1075㎡,
力迅时光里,[ 海珠 江南西 ] 海逸街9号（即江南大道中与南天路交界...,海珠,2室/3室/4室,建筑面积：69.92-171㎡,
中海橡园国际,[ 海珠 工业大道 ] 榕景路（沙园地铁站）,海珠,2室/3室,建筑面积：74-111㎡,
银山尚橙,[ 海珠 工业大道 ] 革新路以东、新民五街以北地段,海珠,1室/2室/4室,建筑面积：78.7-150㎡,23000
邦泰国际公寓,[ 海珠 琶洲 ] 新港东路3号,海珠,1室/2室,建筑面积：39-84.49㎡,
华标品峰,[ 海珠 滨江 ] 滨江中路466号,海珠,4室,建筑面积：251.86-294.23㎡,
世纪云顶雅苑,[ 海珠 广州大道南 ] 海珠区广州大道南西侧，金菊路南边，经...,海珠,2室/3室,建筑面积：91.25-112.29㎡,
绿地滨江汇,[ 海珠 工业大道 ] 石岗路,海珠,1室/2室,建筑面积：35-106㎡,
源海御苑,[ 海珠 工业大道 ] 革新路6号,海珠,2室/3室,建筑面积：87.48-136.43㎡,26000
君华天汇,[ 海珠 滨江 ] 南华西路以北、滨江西路以南,海珠,3室,建筑面积：93㎡,
君汇上品,[ 海珠 广州大道南 ] 江南大道中益丰搪瓷厂,海珠,2室/3室/4室,建筑面积：85-153㎡,
可逸锦苑,[ 海珠 江南西 ] 杏园大街（南武中学对面）,海珠,4室/5室/6室,建筑面积：156-225㎡,
可逸隽轩,[ 海珠 江南西 ] 南田路（广东药学院旁边）,海珠,3室/4室,建筑面积：93-137㎡,
东华星域,[ 海珠 江南西 ] 江南大道中79号,海珠,1室/2室/3室,建筑面积：46-131㎡,
保利天悦叁悦广场,[ 海珠 琶洲 ] 阅江东路（保利天悦内）,海珠,,建筑面积：183㎡,
滨江瑞城,[ 海珠 东晓 ] 东晓南路1510-1526号（双号）,海珠,,建筑面积：77483㎡,
广州之窗商务港,[ 海珠 南洲 ] 沥滘振兴大街14、16、18号,海珠,,建筑面积：344100㎡,
越和商城,[ 海珠 江南西 ] 宝岗大道,海珠,,建筑面积：27000㎡,
保利天悦,[ 海珠 琶洲 ] 新港东路琶洲村地段,海珠,5室/商业,建筑面积：32-303㎡,
恒洲小苑,[ 海珠 南洲 ] 南洲路307-319号,海珠,2室/3室/4室,建筑面积：76-137㎡,
纵横国际公寓,[ 海珠 赤岗 ] 新港中路456号,海珠,1室,建筑面积：60-70㎡,45000
中海联同福睿府,[ 海珠 江南西 ] 海珠区同福东路608号,海珠,商业,建筑面积：88-145㎡,
馨晴轩,[ 海珠 江南西 ] 万寿路素社六巷3号之1至9,海珠,1室/2室/3室,建筑面积：50-131㎡,
海珠湖景峰,[ 海珠 南洲 ] 南洲路北侧,海珠,1室/2室/3室,建筑面积：57-127㎡,27000
逸景翠园,[ 海珠 广州大道南 ] 广州大道南1028号,海珠,2室/3室/4室,建筑面积：90-123㎡,
合生帝景国际,[ 海珠 江南西 ] 昌岗路与江南大道交会处,海珠,2室/3室,建筑面积：89-120㎡,
馨润尚寓,[ 海珠 东晓 ] 英豪花园内（东晓南路与盈丰路路口）,海珠,1室/3室,建筑面积：40-100㎡,
和丰国际大厦,[ 海珠 广州大道南 ] 南叠景路138号,海珠,1室/2室,建筑面积：68.22-115.86㎡,
益兆明珠,[ 海珠 滨江 ] 滨江西路130号,海珠,2室/3室/4室,建筑面积：71.65-143.89㎡,
东银广场,[ 海珠 东晓 ] 东晓路38号（明珠花园对面）,海珠,2室/3室,建筑面积：83.36-115㎡,
高雅湾,[ 海珠 滨江 ] 滨江东路318号,海珠,3室/4室/5室,建筑面积：126-179㎡,
会展世界城,[ 海珠 琶洲 ] 新港东路48号,海珠,3室,建筑面积：183-183㎡,
珠江帝景克莱君殿二期,[ 海珠 赤岗 ] 新港中路艺苑路99号,海珠,4室/5室,建筑面积：149.11-204.32㎡,
怡乐花园三期,[ 海珠 东晓 ] 怡乐路怡乐四巷6-8号,海珠,3室/4室,建筑面积：96.23-147.52㎡,
珠江新岸公寓,[ 海珠 滨江 ] 滨江东玉涵路28号（广州大道南西侧、滨...,海珠,1室/2室,建筑面积：47-88㎡,
恒鑫东和湾,[ 海珠 滨江 ] 滨江东路698号下渡路西侧,海珠,1室/2室/3室,建筑面积：60.27-97.18㎡,
保利世贸G座,[ 海珠 琶洲 ] 海珠新港东路1000号保利世贸中心,海珠,,建筑面积：74㎡,32000
万科华庭,[ 海珠 工业大道 ] 同福西路169—209号北侧,海珠,,建筑面积：17397㎡,
中洲交易中心,[ 海珠 赤岗 ] 新港东路1088号,海珠,,建筑面积：178009㎡,
印象琶洲公寓,[ 海珠 赤岗 ] 新港东路北侧、珠江啤酒厂宿舍楼南侧,海珠,,建筑面积：16319㎡,
盘龙府,[ 海珠 滨江 ] 滨江东路518号,海珠,,建筑面积：6889㎡,
佳大滨江商业街,[ 海珠 滨江 ] 海珠仲恺路,海珠,,建筑面积：1163㎡,80000
日之泉锦都国际轻纺城,[ 海珠 东晓 ] 新港西路,海珠,,建筑面积：30000㎡,
江南花园三期,[ 海珠 江南西 ] 江南西路与宝岗大道交界,海珠,,建筑面积：61105㎡,
碧桂园荔山雅筑,[ 从化 街口 ] 105国道,从化,3室,建筑面积：109-120㎡,14000
时代印象,[ 从化 太平镇 ] 太平地铁口,从化,3室/4室,建筑面积：79-107㎡,
合家和府,[ 从化 城郊街 ] 城新路136号,从化,2室/3室,建筑面积：90-124㎡,15000
巴厘天地上苑,[ 从化 太平镇 ] 广从北路263号,从化,2室/3室,建筑面积：74.28-102.3㎡,15000
越秀逸泉锦翠,[ 从化 江埔街 ] 环市东路广外实验小学东侧,从化,3室/4室,建筑面积：71-93㎡,14500
保利时代,[ 从化 江埔街 ] 灌村路,从化,2室/3室/5室,建筑面积：61-117㎡,15000
招商金茂保利和府花园,[ 从化 街口 ] 西宁小学北,从化,3室/4室,建筑面积：68-105㎡,17500
保利桃花源,[ 从化 温泉镇 ] 温泉镇桃花源路,从化,别墅,建筑面积：98-199㎡,
珠江壹城,[ 从化 太平镇 ] 105国道,从化,2室/3室/4室,建筑面积：83-200㎡,17000
宏润天睿,[ 从化 鳌头镇 ] 城鳌大道东854号,从化,3室,建筑面积：78-102㎡,10500
景业荔都,[ 从化 温泉镇 ] 宣星运动谷,从化,2室/3室/4室,建筑面积：87-143㎡,10500
云星钱隆天誉,[ 从化 太平镇 ] 丰盈路7号,从化,3室,建筑面积：86-123㎡,15500
名城御景世嘉,[ 从化 江埔街 ] 河东南路388号,从化,2室/3室/4室,建筑面积：108-145㎡,15000
时代幸汇,[ 从化 江埔街 ] 环市东路188号兰馨花园,从化,3室/4室,建筑面积：97.52-115㎡,17500
东方夏湾拿,[ 从化 太平镇 ] 神岗镇广从公路,从化,4室/5室,建筑面积：144-283㎡,18000
景业珑泉湾,[ 从化 温泉镇 ] 流溪温泉度假区内,从化,别墅,建筑面积：269-287㎡,28000
富力泉天下,[ 从化 温泉镇 ] 景泉大道近温泉大道,从化,别墅,建筑面积：190-410.5㎡,11000
珠光山水诚品,[ 从化 江埔街 ] 从化区江埔街江村地段,从化,2室/3室,建筑面积：75-142㎡,13000
远达广场,[ 从化 街口 ] 从城大道89号,从化,2室/3室,建筑面积：73-107㎡,21000
仟信广场,[ 从化 城郊街 ] 河滨北路儿童公园北面,从化,3室,建筑面积：104.06-130.29㎡,24500
时代幸汇商铺,[ 从化 江埔街 ] 兰馨街兰馨花园,从化,,建筑面积：68603㎡,19700
大城云山云山墅,[ 从化 太平镇 ] 从化区太平镇广从南路1033号大城云山售...,从化,3室,建筑面积：130.91-138.44㎡,20000
碧桂园溪畔名苑,[ 从化 街口 ] 街口河滨北路86号（河岛公园旁）,从化,商业,建筑面积：37-80㎡,14000
合景花䕕四季,[ 从化 鳌头镇 ] 鳌头客运站旁,从化,,建筑面积：413778㎡,
嘉骏幸福里,[ 从化 城郊街 ] 安园街43号,从化,3室,建筑面积：89.87-106.1㎡,17000
富力泉天下商铺,[ 从化 温泉镇 ] 景泉大道,从化,,建筑面积：580000㎡,10000
幸福园,[ 从化 鳌头镇 ] 高平村G106国道地段,从化,3室,建筑面积：111-113㎡,7400
珠光御景山水城,[ 从化 江埔街 ] 105国道,从化,3室/4室,建筑面积：88-142㎡,15500
亿城泉说,[ 从化 温泉镇 ] 悦泉路,从化,别墅,建筑面积：104-680㎡,31000
汉中紫薇苑,[ 从化 江埔街 ] 河东南路56号,从化,3室/4室,建筑面积：97-140㎡,18000
珠光云岭湖,[ 从化 街口 ] 355省道,从化,,建筑面积：125000㎡,12000
万兴港湾写字楼,[ 从化 鳌头镇 ] 城鳌大道东岭南大街,从化,,建筑面积：44-69㎡,
紫泉流溪湾,[ 从化 太平镇 ] 康乐西路,从化,2室/3室/别墅,建筑面积：76-290㎡,15000
珠光山水御苑,[ 从化 温泉镇 ] 温泉大道13号,从化,2室/3室/4室,建筑面积：75-171㎡,13800
安合花园,[ 从化 鳌头镇 ] 前进路鳌头镇政府旁,从化,2室/3室,建筑面积：70-90㎡,9500
智杰雅筑,[ 从化 城郊街 ] 向阳一路32号,从化,3室/4室,建筑面积：92-165㎡,17000
宏诚海峰花园,[ 从化 江埔街 ] 环市东路（G105）453号海逸半岛花园旁,从化,2室/3室/4室,建筑面积：79-133㎡,18000
碧桂园御湖城,[ 从化 江埔街 ] 灌村路399号,从化,3室/4室/别墅,建筑面积：89-660㎡,16500
嘉东广场,[ 从化 街口 ] 从城大道459号,从化,商业,建筑面积：82.29-121.01㎡,12000
莱茵水岸,[ 从化 街口 ] 从城大道33号,从化,3室/4室,建筑面积：112.75-191㎡,18500
御泉湾,[ 从化 温泉镇 ] 冲口路91号,从化,3室/4室,建筑面积：127-163㎡,11000
方圆泉溪月岛,[ 从化 温泉镇 ] 流溪河半岛（距广东温泉宾馆约3分钟车...,从化,商业,建筑面积：150-205㎡,13000
雍晟岭南雅苑,[ 从化 江埔街 ] 大江路13号,从化,3室/4室,建筑面积：88-110㎡,18000
广东动漫城,[ 从化 街口 ] 广从北路北侧,从化,商业,建筑面积：50-121㎡,4500
华标荔苑,[ 从化 太平镇 ] 105国道旁（华软学院对面）,从化,1室/2室/3室,建筑面积：43-133㎡,8400
新时代家园,[ 从化 街口 ] 新城中路86号,从化,3室,建筑面积：92.86-108㎡,
云星钱隆公馆,[ 从化 街口 ] 街口街城郊村地段S355线旁,从化,3室/4室,建筑面积：88-105㎡,20000
智汇国际,[ 从化 太平镇 ] 工业大道1号,从化,商业,建筑面积：53-94㎡,11000
方圆明月山溪,[ 从化 温泉镇 ] 明月山溪大道,从化,1室/2室/3室/4室/别墅,建筑面积：37.75-649㎡,
上城湾畔,[ 从化 街口 ] 流溪河畔市六中东侧,从化,3室/4室,建筑面积：95-170㎡,
柏仑雍禾苑,[ 从化 街口 ] 城峰路公安局大楼侧,从化,2室/3室/5室/6室/别墅,建筑面积：82-371㎡,
蜜糖苑,[ 从化 城郊街 ] 旺城大道28号,从化,2室/3室,建筑面积：97-99㎡,
宏诚海岸,[ 从化 街口 ] 河滨北路388号,从化,3室,建筑面积：44.4-175.01㎡,
宏业楼,[ 从化 城郊街 ] 盛华路4号,从化,3室,建筑面积：93-131㎡,
欣荣宏国际商贸城写字楼,[ 从化 江埔街 ] 从城大道111-113号（355省道与从化大道...,从化,,建筑面积：200000㎡,40000
宏润翰林苑,[ 从化 鳌头镇 ] 京珠高速鳌头出口，旗杆圩S355省道两旁,从化,,建筑面积：120000㎡,
雅居乐小院流溪,[ 从化 太平镇 ] 105国道沙贝村地段（逸泉山庄北面）,从化,3室/4室,建筑面积：108-148㎡,
珠光流溪御景,[ 从化 街口 ] 588乡道,从化,别墅,建筑面积：260-364㎡,
新光百德广场,[ 从化 太平镇 ] 太平开发区福从路与105国道交界新光百...,从化,商业,建筑面积：45-76㎡,7000
利泰花林湖畔,[ 从化 鳌头镇 ] 明珠工业园内,从化,3室,建筑面积：97-107.07㎡,
宏润巴塞阳光,[ 从化 街口 ] 向阳路22号（市规划局旁）,从化,3室/4室,建筑面积：88-118㎡,
欣荣宏国际商贸城,[ 从化 江埔街 ] 从城大道111-113号(355省道与从化大道...,从化,2室/3室,建筑面积：93-132㎡,
逸景雅轩,[ 从化 城郊街 ] 向阳南路7号,从化,3室/4室,建筑面积：124-176㎡,
侨宏花园,[ 从化 温泉镇 ] 温泉镇温泉西路22号,从化,1室/2室,建筑面积：70-80㎡,
德怡花苑,[ 从化 城郊街 ] 旺城开发区南区,从化,2室,建筑面积：73㎡,
丰景阁,[ 从化 江埔街 ] 红荔一路9号,从化,3室,建筑面积：95㎡,
城市印象花园,[ 从化 城郊街 ] 城郊向阳大道,从化,,建筑面积：31028㎡,
智富华轩,[ 从化 城郊街 ] 向阳大道,从化,3室,建筑面积：89.74-111㎡,
夏日南湾,[ 从化 江埔街 ] 沿江南路以东，雅居乐滨江花园以西，以...,从化,,建筑面积：8793㎡,
从化怡景楼,[ 从化 街口 ] 从化经济开发区回归路14号,从化,,建筑面积：13105㎡,
爱尚流溪,[ 从化 江埔街 ] 环市东路988号,从化,3室,建筑面积：86-128㎡,8000
大城云山,[ 从化 太平镇 ] 广从南路1033号,从化,1室/2室/3室/5室,建筑面积：43-190㎡,
青春,[ 从化 江埔街 ] 环市东路223号（凯旋假日酒店对面）,从化,2室/3室,建筑面积：84-131.3㎡,
翡翠城,[ 从化 鳌头镇 ] 新市场侧,从化,2室/3室/4室,建筑面积：83-120㎡,5000
奶茶咖啡,[ 从化 江埔街 ] 河东沿江南路66号,从化,2室/3室,建筑面积：71-132㎡,9300
小城大院,[ 从化 城郊街 ] 塘圈路60号,从化,2室/3室,建筑面积：80-101㎡,
叠翠轩,[ 从化 太平镇 ] 花园路十一巷1号,从化,1室/2室/3室/4室,建筑面积：73.57-130.92㎡,
上雅君庭,[ 从化 太平镇 ] 经济开发区高技术产业园工业大道5号,从化,1室/2室/3室,建筑面积：56-89㎡,6800
越秀逸泉映翠,[ 从化 江埔街 ] 迎宾大道以北，105国道旁（南洋理工大...,从化,2室/3室,建筑面积：84.98-98.67㎡,
逸泉山庄,[ 从化 街口 ] 神岗流溪河畔,从化,2室/5室/7室,建筑面积：110-333㎡,
居礼润园,[ 从化 温泉镇 ] 温泉东路58号,从化,2室/3室/别墅,建筑面积：112-400㎡,
兴业海逸半岛花园,[ 从化 江埔街 ] 环市东路,从化,2室/3室/4室,建筑面积：121-286.65㎡,
华熙温泉度假村,[ 从化 温泉镇 ] 米埗,从化,,建筑面积：120000㎡,
星汇峰,[ 从化 太平镇 ] 经济开发区明珠路8号,从化,,建筑面积：18987㎡,
紫泉翠荔嘉园,[ 从化 太平镇 ] 从化太平镇105国道旁,从化,,建筑面积：71000㎡,
骏逸湖畔花苑,[ 从化 太平镇 ] 平中公路633号,从化,,建筑面积：62933㎡,
凯粤湾,[ 荔湾 芳村 ] 白鹅潭•地铁5&6号线交汇•珠江大桥逸...,荔湾,2室/3室/4室,建筑面积：80-138㎡,43800
天珺,[ 荔湾 中山八路 ] 南岸路（金众西关海旁）,荔湾,,,
保利碧桂园公园大道,[ 荔湾 芳村 ] 广钢新城鹤洞路157号（广钢公园南侧）,荔湾,2室/3室/4室,建筑面积：85-142㎡,51000
中海学仕里,[ 荔湾 芳村 ] 荔湾芳村广钢新城中海花湾壹号营销中心,荔湾,1室/2室,建筑面积：58-89㎡,56000
保利东郡,[ 荔湾 芳村 ] 开拓路与求实一横路交界处,荔湾,2室/3室,建筑面积：70-108㎡,52000
逸合中心,[ 荔湾 芳村 ] 浣花路（荔湾儿童公园西侧）,荔湾,商业,建筑面积：47-60㎡,37000
凯德双桥8号,[ 荔湾 大坦沙 ] 裕福街35号5/6号线坦尾站旁,荔湾,2室/3室/4室,建筑面积：84-142㎡,50000
碧桂园朝花,[ 荔湾 芳村 ] 花地大道中（西塱地铁站D出口）,荔湾,商业,建筑面积：32-52㎡,38000
保利花海湾,[ 荔湾 芳村 ] 百花路111号（近花地湾地铁站）,荔湾,3室,建筑面积：88-125㎡,40000
华发荔湾荟商用,[ 荔湾 芳村 ] 芳村大道西兴东路,荔湾,商业,建筑面积：41-63㎡,35000
万科金域曦府,[ 荔湾 芳村 ] 地铁1号线花地湾站旁,荔湾,,,
西关海·云墅198,[ 荔湾 中山八路 ] 南岸路23号,荔湾,2室/4室/5室,建筑面积：87-310㎡,73000
岭南V谷,[ 荔湾 芳村 ] 荔湾花地大道南657号,荔湾,,建筑面积：815-1752㎡,25000
葛洲坝广州紫郡府,[ 荔湾 芳村 ] 鹤洞路151号,荔湾,3室/4室,建筑面积：103-143㎡,48000
金融街融穗华府,[ 荔湾 芳村 ] 银沙路,荔湾,2室/3室,建筑面积：71-92㎡,50000
保利和光晨樾,[ 荔湾 芳村 ] 开拓路,荔湾,3室/4室,建筑面积：102-142㎡,47000
悦江上品,[ 荔湾 大坦沙 ] 悦品二街2、3、4号,荔湾,2室/3室/4室/5室/6室,建筑面积：80-210㎡,43000
保利西悦湾,[ 荔湾 芳村 ] 东漖南路,荔湾,2室/3室/4室,建筑面积：79-139㎡,45000
珠光御景壹号,[ 荔湾 其他 ] 黄沙大道15-17号,荔湾,4室/5室,建筑面积：208-480㎡,110000
碧桂园龙津世家,[ 荔湾 陈家祠 ] 龙津中路459-471号,荔湾,2室/3室,建筑面积：52.18-131㎡,56000
中海花湾壹号,[ 荔湾 芳村 ] 荔湾芳村广钢新城鹤洞路220号,荔湾,2室/3室/4室,建筑面积：73-136㎡,53000
华发中央公园,[ 荔湾 芳村 ] 芳村鹤洞路以南,荔湾,4室/别墅,建筑面积：167-284㎡,54000
振业天颂花园,[ 荔湾 芳村 ] 广州市荔湾区广钢新城开拓路,荔湾,1室/2室/3室/4室/5室,建筑面积：37-179㎡,42000
荔湾新城欣悦湾,[ 荔湾 芳村 ] 茶滘路22号,荔湾,2室/3室,建筑面积：68-123㎡,40000
珠江金茂府,[ 荔湾 芳村 ] 鹤洞路157号,荔湾,3室/4室/5室/6室,建筑面积：109-629㎡,53000
珠江鹅潭湾,[ 荔湾 芳村 ] 滘口大街,荔湾,4室/5室/6室,建筑面积：170-371㎡,53000
远东御江豪庭,[ 荔湾 芳村 ] 百花路58号,荔湾,2室/3室,建筑面积：85-127㎡,40000
北大资源博雅1898,[ 荔湾 芳村 ] 鹤洞路,荔湾,3室/4室,建筑面积：82-138㎡,48000
粤泰荔湾华府,[ 荔湾 中山八路 ] 南岸路43号,荔湾,1室/2室/3室,建筑面积：37.57-152㎡,
中海花湾壹号商用,[ 荔湾 芳村 ] 鹤洞路220号,荔湾,商业,建筑面积：38-71㎡,35000
广州国际医药港·方舟公馆,[ 荔湾 芳村 ] 东沙大道16号,荔湾,商业,建筑面积：55-57㎡,
富力广场,[ 荔湾 陈家祠 ] 龙津西路313号,荔湾,,建筑面积：29.28-2030.51㎡,15674
保利和光晨樾米墅,[ 荔湾 芳村 ] 开拓路,荔湾,商业,建筑面积：42㎡,27000
保利堂悦,[ 荔湾 芳村 ] 广钢新城·南区,荔湾,,建筑面积：137688㎡,
广州国际医药港,[ 荔湾 芳村 ] 东沙大道16号,荔湾,,建筑面积：1500000㎡,
富凯星堤,[ 荔湾 芳村 ] 东沙荷景路1号,荔湾,商业,建筑面积：46-101㎡,27000
保利葛洲坝海德公馆,[ 荔湾 芳村 ] 鹤洞路,荔湾,3室/4室,建筑面积：95-170㎡,60000
流花君庭,[ 荔湾 环市西 ] 流花路73号,荔湾,4室/5室/6室,建筑面积：250-397㎡,68000
广船一期地块,[ 荔湾 芳村 ] 芳村大道南,荔湾,,建筑面积：123700㎡,
西朗大道项目,[ 荔湾 芳村 ] 西朗大道,荔湾,,,
元邦明月水岸,[ 荔湾 芳村 ] 花地大道南（地铁一号线西朗站往花地河...,荔湾,3室/4室,建筑面积：104-157㎡,34000
中国铁建荔湾国际城,[ 荔湾 芳村 ] 龙溪中路,荔湾,2室/3室/4室,建筑面积：82-143㎡,
葛洲坝保利曼城,[ 荔湾 芳村 ] 鹤洞路以南,荔湾,3室,建筑面积：83-111㎡,45000
保利公园九里,[ 荔湾 芳村 ] 龙溪中路(葵蓬生态公园旁边),荔湾,2室/3室/4室/5室,建筑面积：78-192.94㎡,17000
龙津华府,[ 荔湾 陈家祠 ] 龙津西路338号（地铁陈家祠A出口300米...,荔湾,2室/3室,建筑面积：95.9-128.7㎡,
富力唐宁公馆,[ 荔湾 环市西 ] 西湾路中段,荔湾,3室/4室,建筑面积：137-211㎡,
保利塞纳维拉,[ 荔湾 芳村 ] 龙溪中路北侧（原至尊高尔夫球场）,荔湾,2室/3室/4室,建筑面积：77.28-132.74㎡,
康侨荔都,[ 荔湾 陈家祠 ] 康王南路15、17、19号,荔湾,2室/3室,建筑面积：74.08-102.58㎡,
兴隆广场,[ 荔湾 陈家祠 ] 康王北路与中山七路交界,荔湾,,建筑面积：72000㎡,
领地海纳天河花园,[ 荔湾 芳村 ] 佛山南海与芳村接壤区域南海大沥镇盐步...,荔湾,1室/2室,建筑面积：42.54-83㎡,
荔湾区芳村,[ 荔湾 芳村 ] 芳村大道南以西、鹤洞路以南,荔湾,,,
芳信轩,[ 荔湾 芳村 ] 芳村大道西芳信路（岭南花卉市场东门）,荔湾,,建筑面积：20584㎡,
花语水岸,[ 荔湾 大坦沙 ] 坦尾西海南路,荔湾,2室/3室/4室/5室,建筑面积：76.2-205㎡,28000
路劲隽泷湾,[ 荔湾 芳村 ] 原广州至尊高尔夫场地,荔湾,,建筑面积：140000㎡,26000
丽和华庭,[ 荔湾 芳村 ] 东漖北路74号,荔湾,2室/3室,建筑面积：77.98-110.02㎡,38500
翠竹苑,[ 荔湾 芳村 ] 芳村花地大道翠竹苑,荔湾,2室/3室,建筑面积：96-167㎡,40000
逸翠湾,[ 荔湾 芳村 ] 黄沙大道8号(黄沙地铁站D出口),荔湾,4室/5室,建筑面积：207.98-228.42㎡,
岭南湾畔,[ 荔湾 环市西 ] 西湾路东西两侧(水泥厂地块),荔湾,3室,建筑面积：91-101㎡,
元邦明月星辉,[ 荔湾 陈家祠 ] 文昌北路242-272号,荔湾,4室,建筑面积：156.04-182.74㎡,
贵贤上品,[ 荔湾 陈家祠 ] 荔湾区华贵路57号,荔湾,2室/3室/4室,建筑面积：89-152㎡,
宏新华庭,[ 荔湾 陈家祠 ] 光复北路康公直街12-38号,荔湾,3室,建筑面积：111.71-136.6㎡,
荔庭雅居,[ 荔湾 中山八路 ] 西华路30-38号,荔湾,3室,建筑面积：115.6-124㎡,
荔景华庭,[ 荔湾 中山八路 ] 十八甫北路1号,荔湾,2室,建筑面积：55-55㎡,
财富公馆,[ 荔湾 环市西 ] 西湾路149号,荔湾,1室,建筑面积：50-85㎡,
城西悦家,[ 荔湾 陈家祠 ] 西华路白马涌边西华苑,荔湾,2室/3室,建筑面积：80.42-97.47㎡,
力迅上下九西门町,[ 荔湾 陈家祠 ] 下九路,荔湾,,建筑面积：4941㎡,100
远大芳华都汇,[ 荔湾 芳村 ] 花地大道南66号（西塱地铁B出口往花地...,荔湾,商业,建筑面积：52-114㎡,25000
邦华星际广场,[ 荔湾 芳村 ] 龙溪中路96号,荔湾,商业,建筑面积：35-84㎡,
金湾明珠,[ 荔湾 大坦沙 ] 大坦沙岛广安路2、4、6、8、10号,荔湾,2室/3室/4室,建筑面积：72-143㎡,
君荟名轩,[ 荔湾 环市西 ] 环市西路47号,荔湾,1室/2室/3室,建筑面积：59-150㎡,38000
汾水花园,[ 荔湾 芳村 ] 茶滘路105号汾水花园第1栋（茶滘派出所...,荔湾,2室/3室,建筑面积：69-106㎡,23000
粤海宝华轩,[ 荔湾 陈家祠 ] 文昌南路旧宝华23号,荔湾,2室/3室,建筑面积：76.68-122.61㎡,
翠荷轩,[ 荔湾 芳村 ] 东漖南路#90-#114双号,荔湾,2室/3室,建筑面积：75-110㎡,30000
富力君湖华庭,[ 荔湾 环市西 ] 流花路君湖一街1－4号、君湖二街1号（...,荔湾,3室/4室/5室,建筑面积：120-275㎡,
荔江美筑,[ 荔湾 芳村 ] 芳村大道西大鹏街52号-64号（双）（荔...,荔湾,2室/3室,建筑面积：85-112㎡,
美荔尚筑,[ 荔湾 陈家祠 ] 康王中路668号-680号（地铁1号线陈家祠...,荔湾,2室/3室,建筑面积：78.62-163.1㎡,
万科柏悦湾,[ 荔湾 中山八路 ] 荔湾松洲街坦尾村地段（桥中南路海角红...,荔湾,3室,建筑面积：92-98㎡,
西湾阳光,[ 荔湾 环市西 ] 长乐后街55—56号,荔湾,2室/3室,建筑面积：85-139㎡,
龙湾贰号,[ 荔湾 芳村 ] 龙湾路2号(地铁一号线芳村站C出口),荔湾,3室,建筑面积：88.7-100.8㎡,
皇城国际金银珠宝玉器城,[ 荔湾 陈家祠 ] 荔湾文昌南路,荔湾,,建筑面积：15000㎡,30000
粤海拾桂府,[ 越秀 北京路 ] 珠光路43-55号,越秀,3室/4室,建筑面积：116-165㎡,90000
世茂天越,[ 越秀 五羊新城 ] 五羊邨地铁站A出口（往南前行100米）,越秀,3室/4室,建筑面积：130-213㎡,120000
实地•紫薇公馆,[ 越秀 东山 ] 东山口新河浦江岭下,越秀,1室,建筑面积：60㎡,99500
四季奕居,[ 越秀 五羊新城 ] 水荫路70号,越秀,4室,建筑面积：166-207㎡,90000
淘金半山豪庭,[ 越秀 淘金 ] 淘金路友谊商店北侧,越秀,2室/3室/4室,建筑面积：85-145㎡,100000
粤泰荣廷府,[ 越秀 北京路 ] 东华西路52-56号,越秀,3室/4室,建筑面积：97-169㎡,
嘉兰轩,[ 越秀 东山 ] 大新路388号,越秀,2室/3室,建筑面积：79.43-125.23㎡,53000
江畔雅苑,[ 越秀 北京路 ] 北京路,越秀,1室/2室/3室,建筑面积：36-145㎡,68000
方圆流花月岛,[ 越秀 东风东 ] 流花路,越秀,1室/2室/3室/4室,建筑面积：50-176㎡,75000
淘金家园c组团,[ 越秀 淘金 ] 淘金东横路15号,越秀,1室/2室/3室/4室,建筑面积：51-170㎡,88000
麓湖轩,[ 越秀 东风东 ] 麓湖路9号,越秀,2室/3室/4室,建筑面积：78.59-124.61㎡,70000
越秀芳华轩,[ 越秀 北京路 ] 海珠中路180号,越秀,1室/2室,建筑面积：54-85㎡,
东山海德公馆,[ 越秀 东风东 ] 先烈中路云鹤北街8号,越秀,商业,建筑面积：38-96㎡,35000
恒基中心,[ 越秀 北京路 ] 海珠广场侨光西路,越秀,,建筑面积：228550㎡,
景豪方大厦,[ 越秀 北京路 ] 大马站4、6、8号,越秀,,建筑面积：19084㎡,
东山一品,[ 越秀 东山 ] 水荫路,越秀,3室,建筑面积：109.85-126㎡,100000
越秀天安大厦,[ 越秀 北京路 ] 解放北路960号,越秀,,,
汇华商贸大厦,[ 越秀 淘金 ] 先烈中路80号,越秀,,建筑面积：63886㎡,
文德先生,[ 越秀 北京路 ] 文德南路82号,越秀,2室/3室/4室,建筑面积：76-188㎡,
富力新天地中心,[ 越秀 东山 ] 广州大道与中山一路交汇,越秀,,建筑面积：170-650㎡,48000
翰林尚品,[ 越秀 东风东 ] 东风东路737号,越秀,1室,建筑面积：44-54.5㎡,75000
方圆越秀时光,[ 越秀 北京路 ] 东沙角路16-34号（地铁6号线团一大广场...,越秀,商业,建筑面积：41-80㎡,
爱群荟景湾,[ 越秀 东山 ] 沿江西路143号,越秀,4室/5室,建筑面积：333.96-364.4㎡,
东风广场,[ 越秀 东风东 ] 东风东路787号,越秀,1室/2室/3室,建筑面积：43.3-154.14㎡,70000
阳光城江湾壹号,[ 越秀 北京路 ] 沿江中路,越秀,商业,建筑面积：49-90㎡,60000
广州云山国际,[ 越秀 东风东 ] 先烈中路云鹤北街8号,越秀,商业,建筑面积：38-39㎡,25000
东山月府,[ 越秀 东山 ] 新寺右新马路108号（华润万家旁）,越秀,3室/4室,建筑面积：100-166㎡,807
新城市学府,[ 越秀 淘金 ] 洪桥街25号,越秀,1室,建筑面积：37-61㎡,280
骏文雅苑,[ 越秀 北京路 ] 文明路119、121、123号,越秀,2室/3室/4室,建筑面积：87-162㎡,53000
江尚东山,[ 越秀 东山 ] 东湖路与大沙头路交叉口,越秀,3室/5室,建筑面积：124-236㎡,46000
锦绣联合商务大厦,[ 越秀 淘金 ] 天河路1号、3号、5号,越秀,1室,建筑面积：58-75.79㎡,
东山京士柏,[ 越秀 东山 ] 东华东路558-598、1006-1044号,越秀,4室,建筑面积：173.44-185.51㎡,
倾城五星皇冠,[ 越秀 东风东 ] 盘福路79号,越秀,1室,建筑面积：58.86-60.28㎡,
广州民间金融大厦,[ 越秀 北京路 ] 长堤大马路316号,越秀,1室,建筑面积：44-54.8㎡,
富力东山新天地,[ 越秀 其他 ] 广州大道中与中山一路交汇处,越秀,,建筑面积：176㎡,35000
东山上品,[ 越秀 东山 ] 东兴北路102号,越秀,4室,建筑面积：165-167㎡,
捷登都会,[ 越秀 北京路 ] 吉祥路与中山五路交界处,越秀,商业,建筑面积：55-84㎡,
旭城实业东华西路项目,[ 越秀 东山 ] 东华西路以南、东濠涌永胜西以东,越秀,商业,建筑面积：89㎡,
金润铂宫,[ 越秀 北京路 ] 越秀区北京路步行街238号,越秀,1室/2室/3室,建筑面积：60.93-103.08㎡,
正佳东方国际广场,[ 越秀 淘金 ] 越秀区环市东路与淘金路交汇处花园酒店...,越秀,2室,建筑面积：60.53-136.41㎡,
明月东山,[ 越秀 东山 ] 明月一路2街2-8号,越秀,3室/4室,建筑面积：117-131㎡,
精彩生活大厦,[ 越秀 北京路 ] 文明路36-48号,越秀,2室/3室,建筑面积：70-130㎡,
中环广场,[ 越秀 东山 ] 中马路2、4号（环市东路和建设大马路交...,越秀,3室,建筑面积：149-165㎡,
中庸金寓,[ 越秀 北京路 ] 越秀长提大马路99号,越秀,,建筑面积：60㎡,38000
东山印象台,[ 越秀 北京路 ] 中山四路与仓边路交界处,越秀,,建筑面积：77000㎡,
景豪坊,[ 越秀 北京路 ] 北京路西边,越秀,,建筑面积：170000㎡,
东湖铭泰公馆,[ 越秀 淘金 ] 东湖西路4-5号,越秀,,建筑面积：5307㎡,
御东雅苑,[ 越秀 东风东 ] 东风西路238-248号（中山纪念堂的斜对...,越秀,2室/3室/4室,建筑面积：41-192㎡,43000
东方文德广场,[ 越秀 北京路 ] 文德北路66号,越秀,,建筑面积：123000㎡,
竹雅苑,[ 越秀 北京路 ] 越秀北站南路17号,越秀,3室/4室,建筑面积：88-120㎡,
海景农林华府,[ 越秀 东风东 ] 犀牛路农本新村，毗邻广州市传统商业中...,越秀,3室/4室/5室,建筑面积：132-224㎡,58000
三季SOHO,[ 越秀 淘金 ] 建设四马路17-29号,越秀,商业,建筑面积：24㎡,
御江苑,[ 越秀 北京路 ] 南堤二马路36-40号,越秀,1室/2室/4室,建筑面积：42-176.06㎡,40000
海印东山100,[ 越秀 东山 ] 东华南路和大沙头二马路交接处,越秀,2室/3室,建筑面积：61.18-125.9㎡,
颐和雅轩,[ 越秀 淘金 ] 应元路洪桂新街1、3、5号（明达大厦南...,越秀,1室/3室,建筑面积：58.28-147.92㎡,
麓湖御景,[ 越秀 淘金 ] 越秀区麓苑路39号,越秀,2室/3室/4室,建筑面积：87.04-147.2㎡,
锦源国际公寓,[ 越秀 北京路 ] 北京路147、149号,越秀,1室/2室/4室,建筑面积：43.12-210㎡,
御龙国际商寓,[ 越秀 淘金 ] 广园西路235号（广园西路立交桥西侧）,越秀,1室,建筑面积：36.73-37.5㎡,
万艺国际精品广场（万艺广场）,[ 越秀 北京路 ] 海珠广场侨光路,越秀,,建筑面积：51469㎡,
府前铭泰,[ 越秀 北京路 ] 中山五路217－255号,越秀,,建筑面积：127000㎡,
新城市尚秀,[ 越秀 东风东 ] 越秀登峰北七星岗,越秀,,建筑面积：7266㎡,
